옵션레벨오,옵션 인덱스,타입,타입 설명,최소값,최대값
OptionLevel,OptionIndex,Type,Description,MinData,MaxData
1,1,HP_MAX_ADD,최대 HP 증가,5,20
1,2,HP_RECOVERY_ADD,HP 회복속도 증가,1,3
1,3,MP_MAX_ADD,최대 MP 증가,5,20
1,4,MP_RECOVERY_ADD,MP 회복속도 증가,1,3
1,5,RESIST_FIRE_ADD,파이어 저항력 증가.,1,1
1,6,RESIST_ICE_ADD,아이스 저항력 증가.,1,1
1,7,RESIST_LIGHTNING_ADD,라이트닝 저항력 증가.,1,1
1,8,RESIST_POISON_ADD,포이즌 저항력 증가.,1,1
1,9,RESIST_CURSE_ADD,커즈 저항력 증가.,1,1
1,10,DAMAGE_MINPHYSICAL_ADD,공격력 증가,3,18
1,11,DAMAGE_MINMAGICAL_ADD,마법 공격력 증가,3,18
1,12,DAMAGERATE_FIRE_ADD,파이어 공격력 % 증가,1,1
1,13,DAMAGERATE_ICE_ADD,아이스 공격력 % 증가,1,1
1,14,DAMAGERATE_LIGHTNING_ADD,라이트닝 공격력 % 증가,1,1
1,15,DAMAGERATE_POISON_ADD,포이즌 공격력 % 증가,1,1
1,16,DAMAGERATE_CURSE_ADD,커즈 공격력 % 증가,1,1
1,17,RATING_CRITICAL_ADD,크리티컬 성공률 증가,1,1
1,18,DEFENSE_MIN_ADD,방어력 증가,2,15
2,19,RESIST_FIRE_ADD,파이어 저항력 증가.,1,1
2,20,RESIST_ICE_ADD,아이스 저항력 증가.,1,1
2,21,RESIST_LIGHTNING_ADD,라이트닝 저항력 증가.,1,1
2,22,RESIST_POISON_ADD,포이즌 저항력 증가.,1,1
2,23,RESIST_CURSE_ADD,커즈 저항력 증가.,1,1
2,24,RESIST_POISON_ADD,포이즌 저항력 증가.,1,1
2,25,DEFENSE_MIN_ADD,방어력 증가,1,2
3,26,RESIST_FIRE_ADD,파이어 저항력 증가.,1,1
3,27,RESIST_ICE_ADD,아이스 저항력 증가.,1,1
3,28,RESIST_LIGHTNING_ADD,라이트닝 저항력 증가.,1,1
3,29,RESIST_POISON_ADD,포이즌 저항력 증가.,1,1
3,30,RESIST_CURSE_ADD,커즈 저항력 증가.,1,1
3,31,RESIST_POISON_ADD,포이즌 저항력 증가.,1,1
3,32,DEFENSE_MIN_ADD,방어력 증가,2,4
4,33,RESIST_FIRE_ADD,파이어 저항력 증가.,1,1
4,34,RESIST_ICE_ADD,아이스 저항력 증가.,1,1
4,35,RESIST_LIGHTNING_ADD,라이트닝 저항력 증가.,1,1
4,36,RESIST_POISON_ADD,포이즌 저항력 증가.,1,1
4,37,RESIST_CURSE_ADD,커즈 저항력 증가.,1,1
4,38,RESIST_POISON_ADD,포이즌 저항력 증가.,1,1
4,39,DEFENSE_MIN_ADD,방어력 증가,5,7
5,40,RESIST_FIRE_ADD,파이어 저항력 증가.,1,1
5,41,RESIST_ICE_ADD,아이스 저항력 증가.,1,1
5,42,RESIST_LIGHTNING_ADD,라이트닝 저항력 증가.,1,1
5,43,RESIST_POISON_ADD,포이즌 저항력 증가.,1,1
5,44,RESIST_CURSE_ADD,커즈 저항력 증가.,1,1
5,45,RESIST_POISON_ADD,포이즌 저항력 증가.,1,1
5,46,DEFENSE_MIN_ADD,방어력 증가,7,9
6,47,RESIST_FIRE_ADD,파이어 저항력 증가.,1,1
6,48,RESIST_ICE_ADD,아이스 저항력 증가.,1,1
6,49,RESIST_LIGHTNING_ADD,라이트닝 저항력 증가.,1,1
6,50,RESIST_POISON_ADD,포이즌 저항력 증가.,1,1
6,51,RESIST_CURSE_ADD,커즈 저항력 증가.,1,1
6,52,RESIST_POISON_ADD,포이즌 저항력 증가.,1,1
6,53,DEFENSE_MIN_ADD,방어력 증가,9,12
7,54,RESIST_FIRE_ADD,파이어 저항력 증가.,1,1
7,55,RESIST_ICE_ADD,아이스 저항력 증가.,1,1
7,56,RESIST_LIGHTNING_ADD,라이트닝 저항력 증가.,1,1
7,57,RESIST_POISON_ADD,포이즌 저항력 증가.,1,1
7,58,RESIST_CURSE_ADD,커즈 저항력 증가.,1,1
7,59,RESIST_POISON_ADD,포이즌 저항력 증가.,1,1
7,60,DEFENSE_MIN_ADD,방어력 증가,12,15
8,61,RESIST_FIRE_ADD,파이어 저항력 증가.,1,1
8,62,RESIST_ICE_ADD,아이스 저항력 증가.,1,1
8,63,RESIST_LIGHTNING_ADD,라이트닝 저항력 증가.,1,1
8,64,RESIST_POISON_ADD,포이즌 저항력 증가.,1,1
8,65,RESIST_CURSE_ADD,커즈 저항력 증가.,1,1
8,66,RESIST_POISON_ADD,포이즌 저항력 증가.,1,1
8,67,DEFENSE_MIN_ADD,방어력 증가,16,17
9,68,RESIST_FIRE_ADD,파이어 저항력 증가.,1,1
9,69,RESIST_ICE_ADD,아이스 저항력 증가.,1,1
9,70,RESIST_LIGHTNING_ADD,라이트닝 저항력 증가.,1,1
9,71,RESIST_POISON_ADD,포이즌 저항력 증가.,1,1
9,72,RESIST_CURSE_ADD,커즈 저항력 증가.,1,1
9,73,RESIST_POISON_ADD,포이즌 저항력 증가.,1,1
9,74,DEFENSE_MIN_ADD,방어력 증가,17,18
10,75,RESIST_FIRE_ADD,파이어 저항력 증가.,1,1
10,76,RESIST_ICE_ADD,아이스 저항력 증가.,1,1
10,77,RESIST_LIGHTNING_ADD,라이트닝 저항력 증가.,1,1
10,78,RESIST_POISON_ADD,포이즌 저항력 증가.,1,1
10,79,RESIST_CURSE_ADD,커즈 저항력 증가.,1,1
10,80,RESIST_POISON_ADD,포이즌 저항력 증가.,1,1
10,81,DEFENSE_MIN_ADD,방어력 증가,19,20
11,82,RESIST_FIRE_ADD,파이어 저항력 증가.,1,1
11,83,RESIST_ICE_ADD,아이스 저항력 증가.,1,1
11,84,RESIST_LIGHTNING_ADD,라이트닝 저항력 증가.,1,1
11,85,RESIST_POISON_ADD,포이즌 저항력 증가.,1,1
11,86,RESIST_CURSE_ADD,커즈 저항력 증가.,1,1
11,87,RESIST_POISON_ADD,포이즌 저항력 증가.,1,1
11,88,DEFENSE_MIN_ADD,방어력 증가,20,21
12,89,DEFENSE_MIN_ADD,방어력 증가,1,2
12,90,RESIST_ICE_ADD,아이스 저항력 증가.,1,1
12,91,RESIST_LIGHTNING_ADD,라이트닝 저항력 증가.,1,1
12,92,RESIST_POISON_ADD,포이즌 저항력 증가.,1,1
12,93,RESIST_CURSE_ADD,커즈 저항력 증가.,1,1
12,94,RESIST_POISON_ADD,포이즌 저항력 증가.,1,1
13,95,DEFENSE_MIN_ADD,방어력 증가,2,4
13,96,RESIST_ICE_ADD,아이스 저항력 증가.,1,1
13,97,RESIST_LIGHTNING_ADD,라이트닝 저항력 증가.,1,1
13,98,RESIST_POISON_ADD,포이즌 저항력 증가.,1,1
13,99,RESIST_CURSE_ADD,커즈 저항력 증가.,1,1
13,100,RESIST_POISON_ADD,포이즌 저항력 증가.,1,1
14,101,DEFENSE_MIN_ADD,방어력 증가,5,7
14,102,RESIST_ICE_ADD,아이스 저항력 증가.,1,1
14,103,RESIST_LIGHTNING_ADD,라이트닝 저항력 증가.,1,1
14,104,RESIST_POISON_ADD,포이즌 저항력 증가.,1,1
14,105,RESIST_CURSE_ADD,커즈 저항력 증가.,1,1
14,106,RESIST_POISON_ADD,포이즌 저항력 증가.,1,1
15,107,DEFENSE_MIN_ADD,방어력 증가,7,9
15,108,RESIST_ICE_ADD,아이스 저항력 증가.,1,1
15,109,RESIST_LIGHTNING_ADD,라이트닝 저항력 증가.,1,1
15,110,RESIST_POISON_ADD,포이즌 저항력 증가.,1,1
15,111,RESIST_CURSE_ADD,커즈 저항력 증가.,1,1
15,112,RESIST_POISON_ADD,포이즌 저항력 증가.,1,1
16,113,DEFENSE_MIN_ADD,방어력 증가,9,12
16,114,RESIST_ICE_ADD,아이스 저항력 증가.,1,1
16,115,RESIST_LIGHTNING_ADD,라이트닝 저항력 증가.,1,1
16,116,RESIST_POISON_ADD,포이즌 저항력 증가.,1,1
16,117,RESIST_CURSE_ADD,커즈 저항력 증가.,1,1
16,118,RESIST_POISON_ADD,포이즌 저항력 증가.,1,1
17,119,DEFENSE_MIN_ADD,방어력 증가,12,15
17,120,RESIST_ICE_ADD,아이스 저항력 증가.,1,1
17,121,RESIST_LIGHTNING_ADD,라이트닝 저항력 증가.,1,1
17,122,RESIST_POISON_ADD,포이즌 저항력 증가.,1,1
17,123,RESIST_CURSE_ADD,커즈 저항력 증가.,1,1
17,124,RESIST_POISON_ADD,포이즌 저항력 증가.,1,1
18,125,DEFENSE_MIN_ADD,방어력 증가,16,17
18,126,RESIST_ICE_ADD,아이스 저항력 증가.,1,1
18,127,RESIST_LIGHTNING_ADD,라이트닝 저항력 증가.,1,1
18,128,RESIST_POISON_ADD,포이즌 저항력 증가.,1,1
18,129,RESIST_CURSE_ADD,커즈 저항력 증가.,1,1
18,130,RESIST_POISON_ADD,포이즌 저항력 증가.,1,1
19,131,DEFENSE_MIN_ADD,방어력 증가,17,18
19,132,RESIST_ICE_ADD,아이스 저항력 증가.,1,1
19,133,RESIST_LIGHTNING_ADD,라이트닝 저항력 증가.,1,1
19,134,RESIST_POISON_ADD,포이즌 저항력 증가.,1,1
19,135,RESIST_CURSE_ADD,커즈 저항력 증가.,1,1
19,136,RESIST_POISON_ADD,포이즌 저항력 증가.,1,1
20,137,DEFENSE_MIN_ADD,방어력 증가,19,20
20,138,RESIST_ICE_ADD,아이스 저항력 증가.,1,1
20,139,RESIST_LIGHTNING_ADD,라이트닝 저항력 증가.,1,1
20,140,RESIST_POISON_ADD,포이즌 저항력 증가.,1,1
20,141,RESIST_CURSE_ADD,커즈 저항력 증가.,1,1
20,142,RESIST_POISON_ADD,포이즌 저항력 증가.,1,1
21,143,DEFENSE_MIN_ADD,방어력 증가,20,21
21,144,RESIST_ICE_ADD,아이스 저항력 증가.,1,1
21,145,RESIST_LIGHTNING_ADD,라이트닝 저항력 증가.,1,1
21,146,RESIST_POISON_ADD,포이즌 저항력 증가.,1,1
21,147,RESIST_CURSE_ADD,커즈 저항력 증가.,1,1
21,148,RESIST_POISON_ADD,포이즌 저항력 증가.,1,1
22,149,DAMAGE_MINPHYSICAL_ADD,공격력 증가,1,5
22,150,DAMAGE_MINMAGICAL_ADD,마법 공격력 증가,1,5
22,151,DAMAGERATE_FIRE_ADD,파이어 공격력 % 증가,1,1
22,152,DAMAGERATE_ICE_ADD,아이스 공격력 % 증가,1,1
22,153,DAMAGERATE_LIGHTNING_ADD,라이트닝 공격력 % 증가,1,1
22,154,DAMAGERATE_POISON_ADD,포이즌 공격력 % 증가,1,1
22,155,DAMAGERATE_CURSE_ADD,커즈 공격력 % 증가,1,1
22,156,SPEED_ATTACK_MUL,공격속도 증가,1,1
23,157,DAMAGE_MINPHYSICAL_ADD,공격력 증가,5,12
23,158,DAMAGE_MINMAGICAL_ADD,마법 공격력 증가,5,11
23,159,DAMAGERATE_FIRE_ADD,파이어 공격력 % 증가,1,1
23,160,DAMAGERATE_ICE_ADD,아이스 공격력 % 증가,1,1
23,161,DAMAGERATE_LIGHTNING_ADD,라이트닝 공격력 % 증가,1,1
23,162,DAMAGERATE_POISON_ADD,포이즌 공격력 % 증가,1,1
23,163,DAMAGERATE_CURSE_ADD,커즈 공격력 % 증가,1,1
23,164,SPEED_ATTACK_MUL,공격속도 증가,1,1
24,165,DAMAGE_MINPHYSICAL_ADD,공격력 증가,12,17
24,166,DAMAGE_MINMAGICAL_ADD,마법 공격력 증가,11,15
24,167,DAMAGERATE_FIRE_ADD,파이어 공격력 % 증가,1,1
24,168,DAMAGERATE_ICE_ADD,아이스 공격력 % 증가,1,1
24,169,DAMAGERATE_LIGHTNING_ADD,라이트닝 공격력 % 증가,1,1
24,170,DAMAGERATE_POISON_ADD,포이즌 공격력 % 증가,1,1
24,171,DAMAGERATE_CURSE_ADD,커즈 공격력 % 증가,1,1
24,172,SPEED_ATTACK_MUL,공격속도 증가,1,1
25,173,DAMAGE_MINPHYSICAL_ADD,공격력 증가,17,24
25,174,DAMAGE_MINMAGICAL_ADD,마법 공격력 증가,16,21
25,175,DAMAGERATE_FIRE_ADD,파이어 공격력 % 증가,1,1
25,176,DAMAGERATE_ICE_ADD,아이스 공격력 % 증가,1,1
25,177,DAMAGERATE_LIGHTNING_ADD,라이트닝 공격력 % 증가,1,1
25,178,DAMAGERATE_POISON_ADD,포이즌 공격력 % 증가,1,1
25,179,DAMAGERATE_CURSE_ADD,커즈 공격력 % 증가,1,1
25,180,SPEED_ATTACK_MUL,공격속도 증가,1,1
26,181,DAMAGE_MINPHYSICAL_ADD,공격력 증가,24,27
26,182,DAMAGE_MINMAGICAL_ADD,마법 공격력 증가,22,25
26,183,DAMAGERATE_FIRE_ADD,파이어 공격력 % 증가,1,1
26,184,DAMAGERATE_ICE_ADD,아이스 공격력 % 증가,1,1
26,185,DAMAGERATE_LIGHTNING_ADD,라이트닝 공격력 % 증가,1,1
26,186,DAMAGERATE_POISON_ADD,포이즌 공격력 % 증가,1,1
26,187,DAMAGERATE_CURSE_ADD,커즈 공격력 % 증가,1,1
26,188,SPEED_ATTACK_MUL,공격속도 증가,1,1
27,189,DAMAGE_MINPHYSICAL_ADD,공격력 증가,28,30
27,190,DAMAGE_MINMAGICAL_ADD,마법 공격력 증가,25,28
27,191,DAMAGERATE_FIRE_ADD,파이어 공격력 % 증가,1,1
27,192,DAMAGERATE_ICE_ADD,아이스 공격력 % 증가,1,1
27,193,DAMAGERATE_LIGHTNING_ADD,라이트닝 공격력 % 증가,1,1
27,194,DAMAGERATE_POISON_ADD,포이즌 공격력 % 증가,1,1
27,195,DAMAGERATE_CURSE_ADD,커즈 공격력 % 증가,1,1
27,196,SPEED_ATTACK_MUL,공격속도 증가,1,1
28,197,DAMAGE_MINPHYSICAL_ADD,공격력 증가,30,32
28,198,DAMAGE_MINMAGICAL_ADD,마법 공격력 증가,28,31
28,199,DAMAGERATE_FIRE_ADD,파이어 공격력 % 증가,1,1
28,200,DAMAGERATE_ICE_ADD,아이스 공격력 % 증가,1,1
28,201,DAMAGERATE_LIGHTNING_ADD,라이트닝 공격력 % 증가,1,1
28,202,DAMAGERATE_POISON_ADD,포이즌 공격력 % 증가,1,1
28,203,DAMAGERATE_CURSE_ADD,커즈 공격력 % 증가,1,1
28,204,SPEED_ATTACK_MUL,공격속도 증가,1,1
29,205,DAMAGE_MINPHYSICAL_ADD,공격력 증가,32,35
29,206,DAMAGE_MINMAGICAL_ADD,마법 공격력 증가,31,34
29,207,DAMAGERATE_FIRE_ADD,파이어 공격력 % 증가,1,1
29,208,DAMAGERATE_ICE_ADD,아이스 공격력 % 증가,1,1
29,209,DAMAGERATE_LIGHTNING_ADD,라이트닝 공격력 % 증가,1,1
29,210,DAMAGERATE_POISON_ADD,포이즌 공격력 % 증가,1,1
29,211,DAMAGERATE_CURSE_ADD,커즈 공격력 % 증가,1,1
29,212,SPEED_ATTACK_MUL,공격속도 증가,1,1
30,213,DAMAGE_MINPHYSICAL_ADD,공격력 증가,35,37
30,214,DAMAGE_MINMAGICAL_ADD,마법 공격력 증가,34,36
30,215,DAMAGERATE_FIRE_ADD,파이어 공격력 % 증가,1,1
30,216,DAMAGERATE_ICE_ADD,아이스 공격력 % 증가,1,1
30,217,DAMAGERATE_LIGHTNING_ADD,라이트닝 공격력 % 증가,1,1
30,218,DAMAGERATE_POISON_ADD,포이즌 공격력 % 증가,1,1
30,219,DAMAGERATE_CURSE_ADD,커즈 공격력 % 증가,1,1
30,220,SPEED_ATTACK_MUL,공격속도 증가,1,1
31,221,DAMAGE_MINPHYSICAL_ADD,공격력 증가,37,39
31,222,DAMAGE_MINMAGICAL_ADD,마법 공격력 증가,37,39
31,223,DAMAGERATE_FIRE_ADD,파이어 공격력 % 증가,1,1
31,224,DAMAGERATE_ICE_ADD,아이스 공격력 % 증가,1,1
31,225,DAMAGERATE_LIGHTNING_ADD,라이트닝 공격력 % 증가,1,1
31,226,DAMAGERATE_POISON_ADD,포이즌 공격력 % 증가,1,1
31,227,DAMAGERATE_CURSE_ADD,커즈 공격력 % 증가,1,1
31,228,SPEED_ATTACK_MUL,공격속도 증가,1,1
32,229,DEFENSE_MIN_ADD,방어력 증가,1,4
32,230,RESIST_ICE_ADD,아이스 저항력 증가.,1,1
32,231,RESIST_LIGHTNING_ADD,라이트닝 저항력 증가.,1,1
32,232,RESIST_POISON_ADD,포이즌 저항력 증가.,1,1
32,233,RESIST_CURSE_ADD,커즈 저항력 증가.,1,1
32,234,RESIST_POISON_ADD,포이즌 저항력 증가.,1,1
33,235,DEFENSE_MIN_ADD,방어력 증가,4,9
33,236,RESIST_ICE_ADD,아이스 저항력 증가.,1,1
33,237,RESIST_LIGHTNING_ADD,라이트닝 저항력 증가.,1,1
33,238,RESIST_POISON_ADD,포이즌 저항력 증가.,1,1
33,239,RESIST_CURSE_ADD,커즈 저항력 증가.,1,1
33,240,RESIST_POISON_ADD,포이즌 저항력 증가.,1,1
34,241,DEFENSE_MIN_ADD,방어력 증가,10,14
34,242,RESIST_ICE_ADD,아이스 저항력 증가.,1,1
34,243,RESIST_LIGHTNING_ADD,라이트닝 저항력 증가.,1,1
34,244,RESIST_POISON_ADD,포이즌 저항력 증가.,1,1
34,245,RESIST_CURSE_ADD,커즈 저항력 증가.,1,1
34,246,RESIST_POISON_ADD,포이즌 저항력 증가.,1,1
35,247,DEFENSE_MIN_ADD,방어력 증가,14,19
35,248,RESIST_ICE_ADD,아이스 저항력 증가.,1,1
35,249,RESIST_LIGHTNING_ADD,라이트닝 저항력 증가.,1,1
35,250,RESIST_POISON_ADD,포이즌 저항력 증가.,1,1
35,251,RESIST_CURSE_ADD,커즈 저항력 증가.,1,1
35,252,RESIST_POISON_ADD,포이즌 저항력 증가.,1,1
36,253,DEFENSE_MIN_ADD,방어력 증가,19,24
36,254,RESIST_ICE_ADD,아이스 저항력 증가.,1,1
36,255,RESIST_LIGHTNING_ADD,라이트닝 저항력 증가.,1,1
36,256,RESIST_POISON_ADD,포이즌 저항력 증가.,1,1
36,257,RESIST_CURSE_ADD,커즈 저항력 증가.,1,1
36,258,RESIST_POISON_ADD,포이즌 저항력 증가.,1,1
37,259,DEFENSE_MIN_ADD,방어력 증가,25,31
37,260,RESIST_ICE_ADD,아이스 저항력 증가.,1,1
37,261,RESIST_LIGHTNING_ADD,라이트닝 저항력 증가.,1,1
37,262,RESIST_POISON_ADD,포이즌 저항력 증가.,1,1
37,263,RESIST_CURSE_ADD,커즈 저항력 증가.,1,1
37,264,RESIST_POISON_ADD,포이즌 저항력 증가.,1,1
38,265,DEFENSE_MIN_ADD,방어력 증가,32,35
38,266,RESIST_ICE_ADD,아이스 저항력 증가.,1,1
38,267,RESIST_LIGHTNING_ADD,라이트닝 저항력 증가.,1,1
38,268,RESIST_POISON_ADD,포이즌 저항력 증가.,1,1
38,269,RESIST_CURSE_ADD,커즈 저항력 증가.,1,1
38,270,RESIST_POISON_ADD,포이즌 저항력 증가.,1,1
39,271,DEFENSE_MIN_ADD,방어력 증가,35,37
39,272,RESIST_ICE_ADD,아이스 저항력 증가.,1,1
39,273,RESIST_LIGHTNING_ADD,라이트닝 저항력 증가.,1,1
39,274,RESIST_POISON_ADD,포이즌 저항력 증가.,1,1
39,275,RESIST_CURSE_ADD,커즈 저항력 증가.,1,1
39,276,RESIST_POISON_ADD,포이즌 저항력 증가.,1,1
40,277,DEFENSE_MIN_ADD,방어력 증가,38,40
40,278,RESIST_ICE_ADD,아이스 저항력 증가.,1,1
40,279,RESIST_LIGHTNING_ADD,라이트닝 저항력 증가.,1,1
40,280,RESIST_POISON_ADD,포이즌 저항력 증가.,1,1
40,281,RESIST_CURSE_ADD,커즈 저항력 증가.,1,1
40,282,RESIST_POISON_ADD,포이즌 저항력 증가.,1,1
41,283,DEFENSE_MIN_ADD,방어력 증가,40,42
41,284,RESIST_ICE_ADD,아이스 저항력 증가.,1,1
41,285,RESIST_LIGHTNING_ADD,라이트닝 저항력 증가.,1,1
41,286,RESIST_POISON_ADD,포이즌 저항력 증가.,1,1
41,287,RESIST_CURSE_ADD,커즈 저항력 증가.,1,1
41,288,RESIST_POISON_ADD,포이즌 저항력 증가.,1,1
42,289,HP_MAX_ADD,최대 HP 증가,9,65
42,290,HP_RECOVERY_ADD,HP 회복속도 증가,1,1
42,291,MP_MAX_ADD,최대 MP 증가,4,29
42,292,MP_RECOVERY_ADD,MP 회복속도 증가,1,1
43,293,HP_MAX_ADD,최대 HP 증가,69,126
43,294,HP_RECOVERY_ADD,HP 회복속도 증가,1,1
43,295,MP_MAX_ADD,최대 MP 증가,30,55
43,296,MP_RECOVERY_ADD,MP 회복속도 증가,1,1
44,297,HP_MAX_ADD,최대 HP 증가,130,186
44,298,HP_RECOVERY_ADD,HP 회복속도 증가,1,1
44,299,MP_MAX_ADD,최대 MP 증가,57,82
44,300,MP_RECOVERY_ADD,MP 회복속도 증가,1,1
45,301,HP_MAX_ADD,최대 HP 증가,190,246
45,302,HP_RECOVERY_ADD,HP 회복속도 증가,1,1
45,303,MP_MAX_ADD,최대 MP 증가,84,108
45,304,MP_RECOVERY_ADD,MP 회복속도 증가,1,1
46,305,HP_MAX_ADD,최대 HP 증가,250,307
46,306,HP_RECOVERY_ADD,HP 회복속도 증가,1,1
46,307,MP_MAX_ADD,최대 MP 증가,110,135
46,308,MP_RECOVERY_ADD,MP 회복속도 증가,1,1
47,309,HP_MAX_ADD,최대 HP 증가,311,367
47,310,HP_RECOVERY_ADD,HP 회복속도 증가,1,1
47,311,MP_MAX_ADD,최대 MP 증가,137,161
47,312,MP_RECOVERY_ADD,MP 회복속도 증가,1,1
48,313,HP_MAX_ADD,최대 HP 증가,371,427
48,314,HP_RECOVERY_ADD,HP 회복속도 증가,1,1
48,315,MP_MAX_ADD,최대 MP 증가,163,188
48,316,MP_RECOVERY_ADD,MP 회복속도 증가,1,1
49,317,HP_MAX_ADD,최대 HP 증가,431,488
49,318,HP_RECOVERY_ADD,HP 회복속도 증가,1,1
49,319,MP_MAX_ADD,최대 MP 증가,190,214
49,320,MP_RECOVERY_ADD,MP 회복속도 증가,1,1
50,321,HP_MAX_ADD,최대 HP 증가,492,548
50,322,HP_RECOVERY_ADD,HP 회복속도 증가,1,1
50,323,MP_MAX_ADD,최대 MP 증가,216,241
50,324,MP_RECOVERY_ADD,MP 회복속도 증가,1,1
51,325,HP_MAX_ADD,최대 HP 증가,552,609
51,326,HP_RECOVERY_ADD,HP 회복속도 증가,1,1
51,327,MP_MAX_ADD,최대 MP 증가,243,267
51,328,MP_RECOVERY_ADD,MP 회복속도 증가,1,1
52,329,DAMAGE_MINPHYSICAL_ADD,공격력 증가,2,11
52,330,DAMAGE_MINPHYSICAL_ADD,공격력 증가,2,11
52,331,DAMAGE_MINPHYSICAL_ADD,공격력 증가,2,11
52,332,DAMAGE_MINPHYSICAL_ADD,공격력 증가,2,11
52,333,DAMAGE_MINPHYSICAL_ADD,공격력 증가,2,11
52,334,DAMAGE_MINPHYSICAL_ADD,공격력 증가,2,11
52,335,DAMAGE_MINPHYSICAL_ADD,공격력 증가,2,11
52,336,SPEED_ATTACK_MUL,공격속도 증가,1,1
52,337,RATING_CRITICAL_ADD,크리티컬 성공률 증가,1,1
52,338,RATING_BLOCKING_ADD,블록킹 성공률 증가,1,1
53,339,DAMAGE_MINPHYSICAL_ADD,공격력 증가,11,25
53,340,DAMAGE_MINPHYSICAL_ADD,공격력 증가,11,25
53,341,DAMAGE_MINPHYSICAL_ADD,공격력 증가,11,25
53,342,DAMAGE_MINPHYSICAL_ADD,공격력 증가,11,25
53,343,DAMAGE_MINPHYSICAL_ADD,공격력 증가,11,25
53,344,DAMAGE_MINPHYSICAL_ADD,공격력 증가,11,25
53,345,DAMAGE_MINPHYSICAL_ADD,공격력 증가,11,25
53,346,SPEED_ATTACK_MUL,공격속도 증가,1,1
53,347,RATING_CRITICAL_ADD,크리티컬 성공률 증가,1,1
53,348,RATING_BLOCKING_ADD,블록킹 성공률 증가,1,1
54,349,DAMAGE_MINPHYSICAL_ADD,공격력 증가,25,35
54,350,DAMAGE_MINPHYSICAL_ADD,공격력 증가,25,35
54,351,DAMAGE_MINPHYSICAL_ADD,공격력 증가,25,35
54,352,DAMAGE_MINPHYSICAL_ADD,공격력 증가,25,35
54,353,DAMAGE_MINPHYSICAL_ADD,공격력 증가,25,35
54,354,DAMAGE_MINPHYSICAL_ADD,공격력 증가,25,35
54,355,DAMAGE_MINPHYSICAL_ADD,공격력 증가,25,35
54,356,SPEED_ATTACK_MUL,공격속도 증가,1,1
54,357,RATING_CRITICAL_ADD,크리티컬 성공률 증가,1,1
54,358,RATING_BLOCKING_ADD,블록킹 성공률 증가,1,1
55,359,DAMAGE_MINPHYSICAL_ADD,공격력 증가,36,49
55,360,DAMAGE_MINPHYSICAL_ADD,공격력 증가,36,49
55,361,DAMAGE_MINPHYSICAL_ADD,공격력 증가,36,49
55,362,DAMAGE_MINPHYSICAL_ADD,공격력 증가,36,49
55,363,DAMAGE_MINPHYSICAL_ADD,공격력 증가,36,49
55,364,DAMAGE_MINPHYSICAL_ADD,공격력 증가,36,49
55,365,DAMAGE_MINPHYSICAL_ADD,공격력 증가,36,49
55,366,SPEED_ATTACK_MUL,공격속도 증가,1,1
55,367,RATING_CRITICAL_ADD,크리티컬 성공률 증가,1,1
55,368,RATING_BLOCKING_ADD,블록킹 성공률 증가,1,1
56,369,DAMAGE_MINPHYSICAL_ADD,공격력 증가,49,57
56,370,DAMAGE_MINPHYSICAL_ADD,공격력 증가,49,57
56,371,DAMAGE_MINPHYSICAL_ADD,공격력 증가,49,57
56,372,DAMAGE_MINPHYSICAL_ADD,공격력 증가,49,57
56,373,DAMAGE_MINPHYSICAL_ADD,공격력 증가,49,57
56,374,DAMAGE_MINPHYSICAL_ADD,공격력 증가,49,57
56,375,DAMAGE_MINPHYSICAL_ADD,공격력 증가,49,57
56,376,SPEED_ATTACK_MUL,공격속도 증가,1,1
56,377,RATING_CRITICAL_ADD,크리티컬 성공률 증가,1,1
56,378,RATING_BLOCKING_ADD,블록킹 성공률 증가,1,1
57,379,DAMAGE_MINPHYSICAL_ADD,공격력 증가,57,62
57,380,DAMAGE_MINPHYSICAL_ADD,공격력 증가,57,62
57,381,DAMAGE_MINPHYSICAL_ADD,공격력 증가,57,62
57,382,DAMAGE_MINPHYSICAL_ADD,공격력 증가,57,62
57,383,DAMAGE_MINPHYSICAL_ADD,공격력 증가,57,62
57,384,DAMAGE_MINPHYSICAL_ADD,공격력 증가,57,62
57,385,DAMAGE_MINPHYSICAL_ADD,공격력 증가,57,62
57,386,SPEED_ATTACK_MUL,공격속도 증가,1,1
57,387,RATING_CRITICAL_ADD,크리티컬 성공률 증가,1,1
57,388,RATING_BLOCKING_ADD,블록킹 성공률 증가,1,1
58,389,DAMAGE_MINPHYSICAL_ADD,공격력 증가,62,67
58,390,DAMAGE_MINPHYSICAL_ADD,공격력 증가,62,67
58,391,DAMAGE_MINPHYSICAL_ADD,공격력 증가,62,67
58,392,DAMAGE_MINPHYSICAL_ADD,공격력 증가,62,67
58,393,DAMAGE_MINPHYSICAL_ADD,공격력 증가,62,67
58,394,DAMAGE_MINPHYSICAL_ADD,공격력 증가,62,67
58,395,DAMAGE_MINPHYSICAL_ADD,공격력 증가,62,67
58,396,SPEED_ATTACK_MUL,공격속도 증가,1,1
58,397,RATING_CRITICAL_ADD,크리티컬 성공률 증가,1,1
58,398,RATING_BLOCKING_ADD,블록킹 성공률 증가,1,1
59,399,DAMAGE_MINPHYSICAL_ADD,공격력 증가,67,72
59,400,DAMAGE_MINPHYSICAL_ADD,공격력 증가,67,72
59,401,DAMAGE_MINPHYSICAL_ADD,공격력 증가,67,72
59,402,DAMAGE_MINPHYSICAL_ADD,공격력 증가,67,72
59,403,DAMAGE_MINPHYSICAL_ADD,공격력 증가,67,72
59,404,DAMAGE_MINPHYSICAL_ADD,공격력 증가,67,72
59,405,DAMAGE_MINPHYSICAL_ADD,공격력 증가,67,72
59,406,SPEED_ATTACK_MUL,공격속도 증가,1,1
59,407,RATING_CRITICAL_ADD,크리티컬 성공률 증가,1,1
59,408,RATING_BLOCKING_ADD,블록킹 성공률 증가,1,1
60,409,DAMAGE_MINPHYSICAL_ADD,공격력 증가,72,77
60,410,DAMAGE_MINPHYSICAL_ADD,공격력 증가,72,77
60,411,DAMAGE_MINPHYSICAL_ADD,공격력 증가,72,77
60,412,DAMAGE_MINPHYSICAL_ADD,공격력 증가,72,77
60,413,DAMAGE_MINPHYSICAL_ADD,공격력 증가,72,77
60,414,DAMAGE_MINPHYSICAL_ADD,공격력 증가,72,77
60,415,DAMAGE_MINPHYSICAL_ADD,공격력 증가,72,77
60,416,SPEED_ATTACK_MUL,공격속도 증가,1,1
60,417,RATING_CRITICAL_ADD,크리티컬 성공률 증가,1,1
60,418,RATING_BLOCKING_ADD,블록킹 성공률 증가,1,1
61,419,DAMAGE_MINPHYSICAL_ADD,공격력 증가,77,82
61,420,DAMAGE_MINPHYSICAL_ADD,공격력 증가,77,82
61,421,DAMAGE_MINPHYSICAL_ADD,공격력 증가,77,82
61,422,DAMAGE_MINPHYSICAL_ADD,공격력 증가,77,82
61,423,DAMAGE_MINPHYSICAL_ADD,공격력 증가,77,82
61,424,DAMAGE_MINPHYSICAL_ADD,공격력 증가,77,82
61,425,DAMAGE_MINPHYSICAL_ADD,공격력 증가,77,82
61,426,SPEED_ATTACK_MUL,공격속도 증가,1,1
61,427,RATING_CRITICAL_ADD,크리티컬 성공률 증가,1,1
61,428,RATING_BLOCKING_ADD,블록킹 성공률 증가,1,1
62,429,DAMAGE_MINPHYSICAL_ADD,공격력 증가,2,11
62,430,DAMAGE_MINPHYSICAL_ADD,공격력 증가,2,11
62,431,DAMAGE_MINPHYSICAL_ADD,공격력 증가,2,11
62,432,DAMAGE_MINPHYSICAL_ADD,공격력 증가,2,11
62,433,DAMAGE_MINPHYSICAL_ADD,공격력 증가,2,11
62,434,DAMAGE_MINPHYSICAL_ADD,공격력 증가,2,11
62,435,DAMAGE_MINPHYSICAL_ADD,공격력 증가,2,11
62,436,SPEED_ATTACK_MUL,공격속도 증가,1,1
62,437,RATING_CRITICAL_ADD,크리티컬 성공률 증가,1,1
62,438,RATING_BLOCKING_ADD,블록킹 성공률 증가,1,1
63,439,DAMAGE_MINPHYSICAL_ADD,공격력 증가,11,25
63,440,DAMAGE_MINPHYSICAL_ADD,공격력 증가,11,25
63,441,DAMAGE_MINPHYSICAL_ADD,공격력 증가,11,25
63,442,DAMAGE_MINPHYSICAL_ADD,공격력 증가,11,25
63,443,DAMAGE_MINPHYSICAL_ADD,공격력 증가,11,25
63,444,DAMAGE_MINPHYSICAL_ADD,공격력 증가,11,25
63,445,DAMAGE_MINPHYSICAL_ADD,공격력 증가,11,25
63,446,SPEED_ATTACK_MUL,공격속도 증가,1,1
63,447,RATING_CRITICAL_ADD,크리티컬 성공률 증가,1,1
63,448,RATING_BLOCKING_ADD,블록킹 성공률 증가,1,1
64,449,DAMAGE_MINPHYSICAL_ADD,공격력 증가,25,35
64,450,DAMAGE_MINPHYSICAL_ADD,공격력 증가,25,35
64,451,DAMAGE_MINPHYSICAL_ADD,공격력 증가,25,35
64,452,DAMAGE_MINPHYSICAL_ADD,공격력 증가,25,35
64,453,DAMAGE_MINPHYSICAL_ADD,공격력 증가,25,35
64,454,DAMAGE_MINPHYSICAL_ADD,공격력 증가,25,35
64,455,DAMAGE_MINPHYSICAL_ADD,공격력 증가,25,35
64,456,SPEED_ATTACK_MUL,공격속도 증가,1,1
64,457,RATING_CRITICAL_ADD,크리티컬 성공률 증가,1,1
64,458,RATING_BLOCKING_ADD,블록킹 성공률 증가,1,1
65,459,DAMAGE_MINPHYSICAL_ADD,공격력 증가,36,49
65,460,DAMAGE_MINPHYSICAL_ADD,공격력 증가,36,49
65,461,DAMAGE_MINPHYSICAL_ADD,공격력 증가,36,49
65,462,DAMAGE_MINPHYSICAL_ADD,공격력 증가,36,49
65,463,DAMAGE_MINPHYSICAL_ADD,공격력 증가,36,49
65,464,DAMAGE_MINPHYSICAL_ADD,공격력 증가,36,49
65,465,DAMAGE_MINPHYSICAL_ADD,공격력 증가,36,49
65,466,SPEED_ATTACK_MUL,공격속도 증가,1,1
65,467,RATING_CRITICAL_ADD,크리티컬 성공률 증가,1,1
65,468,RATING_BLOCKING_ADD,블록킹 성공률 증가,1,1
66,469,DAMAGE_MINPHYSICAL_ADD,공격력 증가,49,57
66,470,DAMAGE_MINPHYSICAL_ADD,공격력 증가,49,57
66,471,DAMAGE_MINPHYSICAL_ADD,공격력 증가,49,57
66,472,DAMAGE_MINPHYSICAL_ADD,공격력 증가,49,57
66,473,DAMAGE_MINPHYSICAL_ADD,공격력 증가,49,57
66,474,DAMAGE_MINPHYSICAL_ADD,공격력 증가,49,57
66,475,DAMAGE_MINPHYSICAL_ADD,공격력 증가,49,57
66,476,SPEED_ATTACK_MUL,공격속도 증가,1,1
66,477,RATING_CRITICAL_ADD,크리티컬 성공률 증가,1,1
66,478,RATING_BLOCKING_ADD,블록킹 성공률 증가,1,1
67,479,DAMAGE_MINPHYSICAL_ADD,공격력 증가,57,62
67,480,DAMAGE_MINPHYSICAL_ADD,공격력 증가,57,62
67,481,DAMAGE_MINPHYSICAL_ADD,공격력 증가,57,62
67,482,DAMAGE_MINPHYSICAL_ADD,공격력 증가,57,62
67,483,DAMAGE_MINPHYSICAL_ADD,공격력 증가,57,62
67,484,DAMAGE_MINPHYSICAL_ADD,공격력 증가,57,62
67,485,DAMAGE_MINPHYSICAL_ADD,공격력 증가,57,62
67,486,SPEED_ATTACK_MUL,공격속도 증가,1,1
67,487,RATING_CRITICAL_ADD,크리티컬 성공률 증가,1,1
67,488,RATING_BLOCKING_ADD,블록킹 성공률 증가,1,1
68,489,DAMAGE_MINPHYSICAL_ADD,공격력 증가,62,67
68,490,DAMAGE_MINPHYSICAL_ADD,공격력 증가,62,67
68,491,DAMAGE_MINPHYSICAL_ADD,공격력 증가,62,67
68,492,DAMAGE_MINPHYSICAL_ADD,공격력 증가,62,67
68,493,DAMAGE_MINPHYSICAL_ADD,공격력 증가,62,67
68,494,DAMAGE_MINPHYSICAL_ADD,공격력 증가,62,67
68,495,DAMAGE_MINPHYSICAL_ADD,공격력 증가,62,67
68,496,SPEED_ATTACK_MUL,공격속도 증가,1,1
68,497,RATING_CRITICAL_ADD,크리티컬 성공률 증가,1,1
68,498,RATING_BLOCKING_ADD,블록킹 성공률 증가,1,1
69,499,DAMAGE_MINPHYSICAL_ADD,공격력 증가,67,72
69,500,DAMAGE_MINPHYSICAL_ADD,공격력 증가,67,72
69,501,DAMAGE_MINPHYSICAL_ADD,공격력 증가,67,72
69,502,DAMAGE_MINPHYSICAL_ADD,공격력 증가,67,72
69,503,DAMAGE_MINPHYSICAL_ADD,공격력 증가,67,72
69,504,DAMAGE_MINPHYSICAL_ADD,공격력 증가,67,72
69,505,DAMAGE_MINPHYSICAL_ADD,공격력 증가,67,72
69,506,SPEED_ATTACK_MUL,공격속도 증가,1,1
69,507,RATING_CRITICAL_ADD,크리티컬 성공률 증가,1,1
69,508,RATING_BLOCKING_ADD,블록킹 성공률 증가,1,1
70,509,DAMAGE_MINPHYSICAL_ADD,공격력 증가,72,77
70,510,DAMAGE_MINPHYSICAL_ADD,공격력 증가,72,77
70,511,DAMAGE_MINPHYSICAL_ADD,공격력 증가,72,77
70,512,DAMAGE_MINPHYSICAL_ADD,공격력 증가,72,77
70,513,DAMAGE_MINPHYSICAL_ADD,공격력 증가,72,77
70,514,DAMAGE_MINPHYSICAL_ADD,공격력 증가,72,77
70,515,DAMAGE_MINPHYSICAL_ADD,공격력 증가,72,77
70,516,SPEED_ATTACK_MUL,공격속도 증가,1,1
70,517,RATING_CRITICAL_ADD,크리티컬 성공률 증가,1,1
70,518,RATING_BLOCKING_ADD,블록킹 성공률 증가,1,1
71,519,DAMAGE_MINPHYSICAL_ADD,공격력 증가,77,82
71,520,DAMAGE_MINPHYSICAL_ADD,공격력 증가,77,82
71,521,DAMAGE_MINPHYSICAL_ADD,공격력 증가,77,82
71,522,DAMAGE_MINPHYSICAL_ADD,공격력 증가,77,82
71,523,DAMAGE_MINPHYSICAL_ADD,공격력 증가,77,82
71,524,DAMAGE_MINPHYSICAL_ADD,공격력 증가,77,82
71,525,DAMAGE_MINPHYSICAL_ADD,공격력 증가,77,82
71,526,SPEED_ATTACK_MUL,공격속도 증가,1,1
71,527,RATING_CRITICAL_ADD,크리티컬 성공률 증가,1,1
71,528,RATING_BLOCKING_ADD,블록킹 성공률 증가,1,1
72,529,DAMAGE_MINPHYSICAL_ADD,공격력 증가,2,11
72,530,DAMAGE_MINPHYSICAL_ADD,공격력 증가,2,11
72,531,DAMAGE_MINPHYSICAL_ADD,공격력 증가,2,11
72,532,DAMAGE_MINPHYSICAL_ADD,공격력 증가,2,11
72,533,DAMAGE_MINPHYSICAL_ADD,공격력 증가,2,11
72,534,DAMAGE_MINPHYSICAL_ADD,공격력 증가,2,11
72,535,DAMAGE_MINPHYSICAL_ADD,공격력 증가,2,11
72,536,SPEED_ATTACK_MUL,공격속도 증가,1,1
72,537,RATING_CRITICAL_ADD,크리티컬 성공률 증가,1,1
72,538,RATING_BLOCKING_ADD,블록킹 성공률 증가,1,1
73,539,DAMAGE_MINPHYSICAL_ADD,공격력 증가,11,25
73,540,DAMAGE_MINPHYSICAL_ADD,공격력 증가,11,25
73,541,DAMAGE_MINPHYSICAL_ADD,공격력 증가,11,25
73,542,DAMAGE_MINPHYSICAL_ADD,공격력 증가,11,25
73,543,DAMAGE_MINPHYSICAL_ADD,공격력 증가,11,25
73,544,DAMAGE_MINPHYSICAL_ADD,공격력 증가,11,25
73,545,DAMAGE_MINPHYSICAL_ADD,공격력 증가,11,25
73,546,SPEED_ATTACK_MUL,공격속도 증가,1,1
73,547,RATING_CRITICAL_ADD,크리티컬 성공률 증가,1,1
73,548,RATING_BLOCKING_ADD,블록킹 성공률 증가,1,1
74,549,DAMAGE_MINPHYSICAL_ADD,공격력 증가,25,35
74,550,DAMAGE_MINPHYSICAL_ADD,공격력 증가,25,35
74,551,DAMAGE_MINPHYSICAL_ADD,공격력 증가,25,35
74,552,DAMAGE_MINPHYSICAL_ADD,공격력 증가,25,35
74,553,DAMAGE_MINPHYSICAL_ADD,공격력 증가,25,35
74,554,DAMAGE_MINPHYSICAL_ADD,공격력 증가,25,35
74,555,DAMAGE_MINPHYSICAL_ADD,공격력 증가,25,35
74,556,SPEED_ATTACK_MUL,공격속도 증가,1,1
74,557,RATING_CRITICAL_ADD,크리티컬 성공률 증가,1,1
74,558,RATING_BLOCKING_ADD,블록킹 성공률 증가,1,1
75,559,DAMAGE_MINPHYSICAL_ADD,공격력 증가,36,49
75,560,DAMAGE_MINPHYSICAL_ADD,공격력 증가,36,49
75,561,DAMAGE_MINPHYSICAL_ADD,공격력 증가,36,49
75,562,DAMAGE_MINPHYSICAL_ADD,공격력 증가,36,49
75,563,DAMAGE_MINPHYSICAL_ADD,공격력 증가,36,49
75,564,DAMAGE_MINPHYSICAL_ADD,공격력 증가,36,49
75,565,DAMAGE_MINPHYSICAL_ADD,공격력 증가,36,49
75,566,SPEED_ATTACK_MUL,공격속도 증가,1,1
75,567,RATING_CRITICAL_ADD,크리티컬 성공률 증가,1,1
75,568,RATING_BLOCKING_ADD,블록킹 성공률 증가,1,1
76,569,DAMAGE_MINPHYSICAL_ADD,공격력 증가,49,57
76,570,DAMAGE_MINPHYSICAL_ADD,공격력 증가,49,57
76,571,DAMAGE_MINPHYSICAL_ADD,공격력 증가,49,57
76,572,DAMAGE_MINPHYSICAL_ADD,공격력 증가,49,57
76,573,DAMAGE_MINPHYSICAL_ADD,공격력 증가,49,57
76,574,DAMAGE_MINPHYSICAL_ADD,공격력 증가,49,57
76,575,DAMAGE_MINPHYSICAL_ADD,공격력 증가,49,57
76,576,SPEED_ATTACK_MUL,공격속도 증가,1,1
76,577,RATING_CRITICAL_ADD,크리티컬 성공률 증가,1,1
76,578,RATING_BLOCKING_ADD,블록킹 성공률 증가,1,1
77,579,DAMAGE_MINPHYSICAL_ADD,공격력 증가,57,62
77,580,DAMAGE_MINPHYSICAL_ADD,공격력 증가,57,62
77,581,DAMAGE_MINPHYSICAL_ADD,공격력 증가,57,62
77,582,DAMAGE_MINPHYSICAL_ADD,공격력 증가,57,62
77,583,DAMAGE_MINPHYSICAL_ADD,공격력 증가,57,62
77,584,DAMAGE_MINPHYSICAL_ADD,공격력 증가,57,62
77,585,DAMAGE_MINPHYSICAL_ADD,공격력 증가,57,62
77,586,SPEED_ATTACK_MUL,공격속도 증가,1,1
77,587,RATING_CRITICAL_ADD,크리티컬 성공률 증가,1,1
77,588,RATING_BLOCKING_ADD,블록킹 성공률 증가,1,1
78,589,DAMAGE_MINPHYSICAL_ADD,공격력 증가,62,67
78,590,DAMAGE_MINPHYSICAL_ADD,공격력 증가,62,67
78,591,DAMAGE_MINPHYSICAL_ADD,공격력 증가,62,67
78,592,DAMAGE_MINPHYSICAL_ADD,공격력 증가,62,67
78,593,DAMAGE_MINPHYSICAL_ADD,공격력 증가,62,67
78,594,DAMAGE_MINPHYSICAL_ADD,공격력 증가,62,67
78,595,DAMAGE_MINPHYSICAL_ADD,공격력 증가,62,67
78,596,SPEED_ATTACK_MUL,공격속도 증가,1,1
78,597,RATING_CRITICAL_ADD,크리티컬 성공률 증가,1,1
78,598,RATING_BLOCKING_ADD,블록킹 성공률 증가,1,1
79,599,DAMAGE_MINPHYSICAL_ADD,공격력 증가,67,72
79,600,DAMAGE_MINPHYSICAL_ADD,공격력 증가,67,72
79,601,DAMAGE_MINPHYSICAL_ADD,공격력 증가,67,72
79,602,DAMAGE_MINPHYSICAL_ADD,공격력 증가,67,72
79,603,DAMAGE_MINPHYSICAL_ADD,공격력 증가,67,72
79,604,DAMAGE_MINPHYSICAL_ADD,공격력 증가,67,72
79,605,DAMAGE_MINPHYSICAL_ADD,공격력 증가,67,72
79,606,SPEED_ATTACK_MUL,공격속도 증가,1,1
79,607,RATING_CRITICAL_ADD,크리티컬 성공률 증가,1,1
79,608,RATING_BLOCKING_ADD,블록킹 성공률 증가,1,1
80,609,DAMAGE_MINPHYSICAL_ADD,공격력 증가,72,77
80,610,DAMAGE_MINPHYSICAL_ADD,공격력 증가,72,77
80,611,DAMAGE_MINPHYSICAL_ADD,공격력 증가,72,77
80,612,DAMAGE_MINPHYSICAL_ADD,공격력 증가,72,77
80,613,DAMAGE_MINPHYSICAL_ADD,공격력 증가,72,77
80,614,DAMAGE_MINPHYSICAL_ADD,공격력 증가,72,77
80,615,DAMAGE_MINPHYSICAL_ADD,공격력 증가,72,77
80,616,SPEED_ATTACK_MUL,공격속도 증가,1,1
80,617,RATING_CRITICAL_ADD,크리티컬 성공률 증가,1,1
80,618,RATING_BLOCKING_ADD,블록킹 성공률 증가,1,1
81,619,DAMAGE_MINPHYSICAL_ADD,공격력 증가,77,82
81,620,DAMAGE_MINPHYSICAL_ADD,공격력 증가,77,82
81,621,DAMAGE_MINPHYSICAL_ADD,공격력 증가,77,82
81,622,DAMAGE_MINPHYSICAL_ADD,공격력 증가,77,82
81,623,DAMAGE_MINPHYSICAL_ADD,공격력 증가,77,82
81,624,DAMAGE_MINPHYSICAL_ADD,공격력 증가,77,82
81,625,DAMAGE_MINPHYSICAL_ADD,공격력 증가,77,82
81,626,SPEED_ATTACK_MUL,공격속도 증가,1,1
81,627,RATING_CRITICAL_ADD,크리티컬 성공률 증가,1,1
81,628,RATING_BLOCKING_ADD,블록킹 성공률 증가,1,1
82,629,DAMAGE_MINPHYSICAL_ADD,공격력 증가,2,11
82,630,DAMAGE_MINPHYSICAL_ADD,공격력 증가,2,11
82,631,DAMAGE_MINPHYSICAL_ADD,공격력 증가,2,11
82,632,DAMAGE_MINPHYSICAL_ADD,공격력 증가,2,11
82,633,DAMAGE_MINPHYSICAL_ADD,공격력 증가,2,11
82,634,DAMAGE_MINPHYSICAL_ADD,공격력 증가,2,11
82,635,DAMAGE_MINPHYSICAL_ADD,공격력 증가,2,11
82,636,SPEED_ATTACK_MUL,공격속도 증가,1,1
82,637,RATING_CRITICAL_ADD,크리티컬 성공률 증가,1,1
82,638,RATING_BLOCKING_ADD,블록킹 성공률 증가,1,1
83,639,DAMAGE_MINPHYSICAL_ADD,공격력 증가,11,25
83,640,DAMAGE_MINPHYSICAL_ADD,공격력 증가,11,25
83,641,DAMAGE_MINPHYSICAL_ADD,공격력 증가,11,25
83,642,DAMAGE_MINPHYSICAL_ADD,공격력 증가,11,25
83,643,DAMAGE_MINPHYSICAL_ADD,공격력 증가,11,25
83,644,DAMAGE_MINPHYSICAL_ADD,공격력 증가,11,25
83,645,DAMAGE_MINPHYSICAL_ADD,공격력 증가,11,25
83,646,SPEED_ATTACK_MUL,공격속도 증가,1,1
83,647,RATING_CRITICAL_ADD,크리티컬 성공률 증가,1,1
83,648,RATING_BLOCKING_ADD,블록킹 성공률 증가,1,1
84,649,DAMAGE_MINPHYSICAL_ADD,공격력 증가,25,35
84,650,DAMAGE_MINPHYSICAL_ADD,공격력 증가,25,35
84,651,DAMAGE_MINPHYSICAL_ADD,공격력 증가,25,35
84,652,DAMAGE_MINPHYSICAL_ADD,공격력 증가,25,35
84,653,DAMAGE_MINPHYSICAL_ADD,공격력 증가,25,35
84,654,DAMAGE_MINPHYSICAL_ADD,공격력 증가,25,35
84,655,DAMAGE_MINPHYSICAL_ADD,공격력 증가,25,35
84,656,SPEED_ATTACK_MUL,공격속도 증가,1,1
84,657,RATING_CRITICAL_ADD,크리티컬 성공률 증가,1,1
84,658,RATING_BLOCKING_ADD,블록킹 성공률 증가,1,1
85,659,DAMAGE_MINPHYSICAL_ADD,공격력 증가,36,49
85,660,DAMAGE_MINPHYSICAL_ADD,공격력 증가,36,49
85,661,DAMAGE_MINPHYSICAL_ADD,공격력 증가,36,49
85,662,DAMAGE_MINPHYSICAL_ADD,공격력 증가,36,49
85,663,DAMAGE_MINPHYSICAL_ADD,공격력 증가,36,49
85,664,DAMAGE_MINPHYSICAL_ADD,공격력 증가,36,49
85,665,DAMAGE_MINPHYSICAL_ADD,공격력 증가,36,49
85,666,SPEED_ATTACK_MUL,공격속도 증가,1,1
85,667,RATING_CRITICAL_ADD,크리티컬 성공률 증가,1,1
85,668,RATING_BLOCKING_ADD,블록킹 성공률 증가,1,1
86,669,DAMAGE_MINPHYSICAL_ADD,공격력 증가,49,57
86,670,DAMAGE_MINPHYSICAL_ADD,공격력 증가,49,57
86,671,DAMAGE_MINPHYSICAL_ADD,공격력 증가,49,57
86,672,DAMAGE_MINPHYSICAL_ADD,공격력 증가,49,57
86,673,DAMAGE_MINPHYSICAL_ADD,공격력 증가,49,57
86,674,DAMAGE_MINPHYSICAL_ADD,공격력 증가,49,57
86,675,DAMAGE_MINPHYSICAL_ADD,공격력 증가,49,57
86,676,SPEED_ATTACK_MUL,공격속도 증가,1,1
86,677,RATING_CRITICAL_ADD,크리티컬 성공률 증가,1,1
86,678,RATING_BLOCKING_ADD,블록킹 성공률 증가,1,1
87,679,DAMAGE_MINPHYSICAL_ADD,공격력 증가,57,62
87,680,DAMAGE_MINPHYSICAL_ADD,공격력 증가,57,62
87,681,DAMAGE_MINPHYSICAL_ADD,공격력 증가,57,62
87,682,DAMAGE_MINPHYSICAL_ADD,공격력 증가,57,62
87,683,DAMAGE_MINPHYSICAL_ADD,공격력 증가,57,62
87,684,DAMAGE_MINPHYSICAL_ADD,공격력 증가,57,62
87,685,DAMAGE_MINPHYSICAL_ADD,공격력 증가,57,62
87,686,SPEED_ATTACK_MUL,공격속도 증가,1,1
87,687,RATING_CRITICAL_ADD,크리티컬 성공률 증가,1,1
87,688,RATING_BLOCKING_ADD,블록킹 성공률 증가,1,1
88,689,DAMAGE_MINPHYSICAL_ADD,공격력 증가,62,67
88,690,DAMAGE_MINPHYSICAL_ADD,공격력 증가,62,67
88,691,DAMAGE_MINPHYSICAL_ADD,공격력 증가,62,67
88,692,DAMAGE_MINPHYSICAL_ADD,공격력 증가,62,67
88,693,DAMAGE_MINPHYSICAL_ADD,공격력 증가,62,67
88,694,DAMAGE_MINPHYSICAL_ADD,공격력 증가,62,67
88,695,DAMAGE_MINPHYSICAL_ADD,공격력 증가,62,67
88,696,SPEED_ATTACK_MUL,공격속도 증가,1,1
88,697,RATING_CRITICAL_ADD,크리티컬 성공률 증가,1,1
88,698,RATING_BLOCKING_ADD,블록킹 성공률 증가,1,1
89,699,DAMAGE_MINPHYSICAL_ADD,공격력 증가,67,72
89,700,DAMAGE_MINPHYSICAL_ADD,공격력 증가,67,72
89,701,DAMAGE_MINPHYSICAL_ADD,공격력 증가,67,72
89,702,DAMAGE_MINPHYSICAL_ADD,공격력 증가,67,72
89,703,DAMAGE_MINPHYSICAL_ADD,공격력 증가,67,72
89,704,DAMAGE_MINPHYSICAL_ADD,공격력 증가,67,72
89,705,DAMAGE_MINPHYSICAL_ADD,공격력 증가,67,72
89,706,SPEED_ATTACK_MUL,공격속도 증가,1,1
89,707,RATING_CRITICAL_ADD,크리티컬 성공률 증가,1,1
89,708,RATING_BLOCKING_ADD,블록킹 성공률 증가,1,1
90,709,DAMAGE_MINPHYSICAL_ADD,공격력 증가,72,77
90,710,DAMAGE_MINPHYSICAL_ADD,공격력 증가,72,77
90,711,DAMAGE_MINPHYSICAL_ADD,공격력 증가,72,77
90,712,DAMAGE_MINPHYSICAL_ADD,공격력 증가,72,77
90,713,DAMAGE_MINPHYSICAL_ADD,공격력 증가,72,77
90,714,DAMAGE_MINPHYSICAL_ADD,공격력 증가,72,77
90,715,DAMAGE_MINPHYSICAL_ADD,공격력 증가,72,77
90,716,SPEED_ATTACK_MUL,공격속도 증가,1,1
90,717,RATING_CRITICAL_ADD,크리티컬 성공률 증가,1,1
90,718,RATING_BLOCKING_ADD,블록킹 성공률 증가,1,1
91,719,DAMAGE_MINPHYSICAL_ADD,공격력 증가,77,82
91,720,DAMAGE_MINPHYSICAL_ADD,공격력 증가,77,82
91,721,DAMAGE_MINPHYSICAL_ADD,공격력 증가,77,82
91,722,DAMAGE_MINPHYSICAL_ADD,공격력 증가,77,82
91,723,DAMAGE_MINPHYSICAL_ADD,공격력 증가,77,82
91,724,DAMAGE_MINPHYSICAL_ADD,공격력 증가,77,82
91,725,DAMAGE_MINPHYSICAL_ADD,공격력 증가,77,82
91,726,SPEED_ATTACK_MUL,공격속도 증가,1,1
91,727,RATING_CRITICAL_ADD,크리티컬 성공률 증가,1,1
91,728,RATING_BLOCKING_ADD,블록킹 성공률 증가,1,1
92,729,DAMAGE_MINPHYSICAL_ADD,공격력 증가,2,11
92,730,DAMAGE_MINPHYSICAL_ADD,공격력 증가,2,11
92,731,DAMAGE_MINPHYSICAL_ADD,공격력 증가,2,11
92,732,DAMAGE_MINPHYSICAL_ADD,공격력 증가,2,11
92,733,DAMAGE_MINPHYSICAL_ADD,공격력 증가,2,11
92,734,DAMAGE_MINPHYSICAL_ADD,공격력 증가,2,11
92,735,DAMAGE_MINPHYSICAL_ADD,공격력 증가,2,11
92,736,SPEED_ATTACK_MUL,공격속도 증가,1,1
92,737,RATING_CRITICAL_ADD,크리티컬 성공률 증가,1,1
92,738,RATING_BLOCKING_ADD,블록킹 성공률 증가,1,1
93,739,DAMAGE_MINPHYSICAL_ADD,공격력 증가,11,25
93,740,DAMAGE_MINPHYSICAL_ADD,공격력 증가,11,25
93,741,DAMAGE_MINPHYSICAL_ADD,공격력 증가,11,25
93,742,DAMAGE_MINPHYSICAL_ADD,공격력 증가,11,25
93,743,DAMAGE_MINPHYSICAL_ADD,공격력 증가,11,25
93,744,DAMAGE_MINPHYSICAL_ADD,공격력 증가,11,25
93,745,DAMAGE_MINPHYSICAL_ADD,공격력 증가,11,25
93,746,SPEED_ATTACK_MUL,공격속도 증가,1,1
93,747,RATING_CRITICAL_ADD,크리티컬 성공률 증가,1,1
93,748,RATING_BLOCKING_ADD,블록킹 성공률 증가,1,1
94,749,DAMAGE_MINPHYSICAL_ADD,공격력 증가,25,35
94,750,DAMAGE_MINPHYSICAL_ADD,공격력 증가,25,35
94,751,DAMAGE_MINPHYSICAL_ADD,공격력 증가,25,35
94,752,DAMAGE_MINPHYSICAL_ADD,공격력 증가,25,35
94,753,DAMAGE_MINPHYSICAL_ADD,공격력 증가,25,35
94,754,DAMAGE_MINPHYSICAL_ADD,공격력 증가,25,35
94,755,DAMAGE_MINPHYSICAL_ADD,공격력 증가,25,35
94,756,SPEED_ATTACK_MUL,공격속도 증가,1,1
94,757,RATING_CRITICAL_ADD,크리티컬 성공률 증가,1,1
94,758,RATING_BLOCKING_ADD,블록킹 성공률 증가,1,1
95,759,DAMAGE_MINPHYSICAL_ADD,공격력 증가,36,49
95,760,DAMAGE_MINPHYSICAL_ADD,공격력 증가,36,49
95,761,DAMAGE_MINPHYSICAL_ADD,공격력 증가,36,49
95,762,DAMAGE_MINPHYSICAL_ADD,공격력 증가,36,49
95,763,DAMAGE_MINPHYSICAL_ADD,공격력 증가,36,49
95,764,DAMAGE_MINPHYSICAL_ADD,공격력 증가,36,49
95,765,DAMAGE_MINPHYSICAL_ADD,공격력 증가,36,49
95,766,SPEED_ATTACK_MUL,공격속도 증가,1,1
95,767,RATING_CRITICAL_ADD,크리티컬 성공률 증가,1,1
95,768,RATING_BLOCKING_ADD,블록킹 성공률 증가,1,1
96,769,DAMAGE_MINPHYSICAL_ADD,공격력 증가,49,57
96,770,DAMAGE_MINPHYSICAL_ADD,공격력 증가,49,57
96,771,DAMAGE_MINPHYSICAL_ADD,공격력 증가,49,57
96,772,DAMAGE_MINPHYSICAL_ADD,공격력 증가,49,57
96,773,DAMAGE_MINPHYSICAL_ADD,공격력 증가,49,57
96,774,DAMAGE_MINPHYSICAL_ADD,공격력 증가,49,57
96,775,DAMAGE_MINPHYSICAL_ADD,공격력 증가,49,57
96,776,SPEED_ATTACK_MUL,공격속도 증가,1,1
96,777,RATING_CRITICAL_ADD,크리티컬 성공률 증가,1,1
96,778,RATING_BLOCKING_ADD,블록킹 성공률 증가,1,1
97,779,DAMAGE_MINPHYSICAL_ADD,공격력 증가,57,62
97,780,DAMAGE_MINPHYSICAL_ADD,공격력 증가,57,62
97,781,DAMAGE_MINPHYSICAL_ADD,공격력 증가,57,62
97,782,DAMAGE_MINPHYSICAL_ADD,공격력 증가,57,62
97,783,DAMAGE_MINPHYSICAL_ADD,공격력 증가,57,62
97,784,DAMAGE_MINPHYSICAL_ADD,공격력 증가,57,62
97,785,DAMAGE_MINPHYSICAL_ADD,공격력 증가,57,62
97,786,SPEED_ATTACK_MUL,공격속도 증가,1,1
97,787,RATING_CRITICAL_ADD,크리티컬 성공률 증가,1,1
97,788,RATING_BLOCKING_ADD,블록킹 성공률 증가,1,1
98,789,DAMAGE_MINPHYSICAL_ADD,공격력 증가,62,67
98,790,DAMAGE_MINPHYSICAL_ADD,공격력 증가,62,67
98,791,DAMAGE_MINPHYSICAL_ADD,공격력 증가,62,67
98,792,DAMAGE_MINPHYSICAL_ADD,공격력 증가,62,67
98,793,DAMAGE_MINPHYSICAL_ADD,공격력 증가,62,67
98,794,DAMAGE_MINPHYSICAL_ADD,공격력 증가,62,67
98,795,DAMAGE_MINPHYSICAL_ADD,공격력 증가,62,67
98,796,SPEED_ATTACK_MUL,공격속도 증가,1,1
98,797,RATING_CRITICAL_ADD,크리티컬 성공률 증가,1,1
98,798,RATING_BLOCKING_ADD,블록킹 성공률 증가,1,1
99,799,DAMAGE_MINPHYSICAL_ADD,공격력 증가,67,72
99,800,DAMAGE_MINPHYSICAL_ADD,공격력 증가,67,72
99,801,DAMAGE_MINPHYSICAL_ADD,공격력 증가,67,72
99,802,DAMAGE_MINPHYSICAL_ADD,공격력 증가,67,72
99,803,DAMAGE_MINPHYSICAL_ADD,공격력 증가,67,72
99,804,DAMAGE_MINPHYSICAL_ADD,공격력 증가,67,72
99,805,DAMAGE_MINPHYSICAL_ADD,공격력 증가,67,72
99,806,SPEED_ATTACK_MUL,공격속도 증가,1,1
99,807,RATING_CRITICAL_ADD,크리티컬 성공률 증가,1,1
99,808,RATING_BLOCKING_ADD,블록킹 성공률 증가,1,1
100,809,DAMAGE_MINPHYSICAL_ADD,공격력 증가,72,77
100,810,DAMAGE_MINPHYSICAL_ADD,공격력 증가,72,77
100,811,DAMAGE_MINPHYSICAL_ADD,공격력 증가,72,77
100,812,DAMAGE_MINPHYSICAL_ADD,공격력 증가,72,77
100,813,DAMAGE_MINPHYSICAL_ADD,공격력 증가,72,77
100,814,DAMAGE_MINPHYSICAL_ADD,공격력 증가,72,77
100,815,DAMAGE_MINPHYSICAL_ADD,공격력 증가,72,77
100,816,SPEED_ATTACK_MUL,공격속도 증가,1,1
100,817,RATING_CRITICAL_ADD,크리티컬 성공률 증가,1,1
100,818,RATING_BLOCKING_ADD,블록킹 성공률 증가,1,1
101,819,DAMAGE_MINPHYSICAL_ADD,공격력 증가,77,82
101,820,DAMAGE_MINPHYSICAL_ADD,공격력 증가,77,82
101,821,DAMAGE_MINPHYSICAL_ADD,공격력 증가,77,82
101,822,DAMAGE_MINPHYSICAL_ADD,공격력 증가,77,82
101,823,DAMAGE_MINPHYSICAL_ADD,공격력 증가,77,82
101,824,DAMAGE_MINPHYSICAL_ADD,공격력 증가,77,82
101,825,DAMAGE_MINPHYSICAL_ADD,공격력 증가,77,82
101,826,SPEED_ATTACK_MUL,공격속도 증가,1,1
101,827,RATING_CRITICAL_ADD,크리티컬 성공률 증가,1,1
101,828,RATING_BLOCKING_ADD,블록킹 성공률 증가,1,1
102,829,DAMAGE_MINPHYSICAL_ADD,공격력 증가,2,11
102,830,DAMAGE_MINPHYSICAL_ADD,공격력 증가,2,11
102,831,DAMAGE_MINPHYSICAL_ADD,공격력 증가,2,11
102,832,DAMAGE_MINPHYSICAL_ADD,공격력 증가,2,11
102,833,DAMAGE_MINPHYSICAL_ADD,공격력 증가,2,11
102,834,DAMAGE_MINPHYSICAL_ADD,공격력 증가,2,11
102,835,DAMAGE_MINPHYSICAL_ADD,공격력 증가,2,11
102,836,SPEED_ATTACK_MUL,공격속도 증가,1,1
102,837,RATING_CRITICAL_ADD,크리티컬 성공률 증가,1,1
102,838,RATING_BLOCKING_ADD,블록킹 성공률 증가,1,1
103,839,DAMAGE_MINPHYSICAL_ADD,공격력 증가,11,25
103,840,DAMAGE_MINPHYSICAL_ADD,공격력 증가,11,25
103,841,DAMAGE_MINPHYSICAL_ADD,공격력 증가,11,25
103,842,DAMAGE_MINPHYSICAL_ADD,공격력 증가,11,25
103,843,DAMAGE_MINPHYSICAL_ADD,공격력 증가,11,25
103,844,DAMAGE_MINPHYSICAL_ADD,공격력 증가,11,25
103,845,DAMAGE_MINPHYSICAL_ADD,공격력 증가,11,25
103,846,SPEED_ATTACK_MUL,공격속도 증가,1,1
103,847,RATING_CRITICAL_ADD,크리티컬 성공률 증가,1,1
103,848,RATING_BLOCKING_ADD,블록킹 성공률 증가,1,1
104,849,DAMAGE_MINPHYSICAL_ADD,공격력 증가,25,35
104,850,DAMAGE_MINPHYSICAL_ADD,공격력 증가,25,35
104,851,DAMAGE_MINPHYSICAL_ADD,공격력 증가,25,35
104,852,DAMAGE_MINPHYSICAL_ADD,공격력 증가,25,35
104,853,DAMAGE_MINPHYSICAL_ADD,공격력 증가,25,35
104,854,DAMAGE_MINPHYSICAL_ADD,공격력 증가,25,35
104,855,DAMAGE_MINPHYSICAL_ADD,공격력 증가,25,35
104,856,SPEED_ATTACK_MUL,공격속도 증가,1,1
104,857,RATING_CRITICAL_ADD,크리티컬 성공률 증가,1,1
104,858,RATING_BLOCKING_ADD,블록킹 성공률 증가,1,1
105,859,DAMAGE_MINPHYSICAL_ADD,공격력 증가,36,49
105,860,DAMAGE_MINPHYSICAL_ADD,공격력 증가,36,49
105,861,DAMAGE_MINPHYSICAL_ADD,공격력 증가,36,49
105,862,DAMAGE_MINPHYSICAL_ADD,공격력 증가,36,49
105,863,DAMAGE_MINPHYSICAL_ADD,공격력 증가,36,49
105,864,DAMAGE_MINPHYSICAL_ADD,공격력 증가,36,49
105,865,DAMAGE_MINPHYSICAL_ADD,공격력 증가,36,49
105,866,SPEED_ATTACK_MUL,공격속도 증가,1,1
105,867,RATING_CRITICAL_ADD,크리티컬 성공률 증가,1,1
105,868,RATING_BLOCKING_ADD,블록킹 성공률 증가,1,1
106,869,DAMAGE_MINPHYSICAL_ADD,공격력 증가,49,57
106,870,DAMAGE_MINPHYSICAL_ADD,공격력 증가,49,57
106,871,DAMAGE_MINPHYSICAL_ADD,공격력 증가,49,57
106,872,DAMAGE_MINPHYSICAL_ADD,공격력 증가,49,57
106,873,DAMAGE_MINPHYSICAL_ADD,공격력 증가,49,57
106,874,DAMAGE_MINPHYSICAL_ADD,공격력 증가,49,57
106,875,DAMAGE_MINPHYSICAL_ADD,공격력 증가,49,57
106,876,SPEED_ATTACK_MUL,공격속도 증가,1,1
106,877,RATING_CRITICAL_ADD,크리티컬 성공률 증가,1,1
106,878,RATING_BLOCKING_ADD,블록킹 성공률 증가,1,1
107,879,DAMAGE_MINPHYSICAL_ADD,공격력 증가,57,62
107,880,DAMAGE_MINPHYSICAL_ADD,공격력 증가,57,62
107,881,DAMAGE_MINPHYSICAL_ADD,공격력 증가,57,62
107,882,DAMAGE_MINPHYSICAL_ADD,공격력 증가,57,62
107,883,DAMAGE_MINPHYSICAL_ADD,공격력 증가,57,62
107,884,DAMAGE_MINPHYSICAL_ADD,공격력 증가,57,62
107,885,DAMAGE_MINPHYSICAL_ADD,공격력 증가,57,62
107,886,SPEED_ATTACK_MUL,공격속도 증가,1,1
107,887,RATING_CRITICAL_ADD,크리티컬 성공률 증가,1,1
107,888,RATING_BLOCKING_ADD,블록킹 성공률 증가,1,1
108,889,DAMAGE_MINPHYSICAL_ADD,공격력 증가,62,67
108,890,DAMAGE_MINPHYSICAL_ADD,공격력 증가,62,67
108,891,DAMAGE_MINPHYSICAL_ADD,공격력 증가,62,67
108,892,DAMAGE_MINPHYSICAL_ADD,공격력 증가,62,67
108,893,DAMAGE_MINPHYSICAL_ADD,공격력 증가,62,67
108,894,DAMAGE_MINPHYSICAL_ADD,공격력 증가,62,67
108,895,DAMAGE_MINPHYSICAL_ADD,공격력 증가,62,67
108,896,SPEED_ATTACK_MUL,공격속도 증가,1,1
108,897,RATING_CRITICAL_ADD,크리티컬 성공률 증가,1,1
108,898,RATING_BLOCKING_ADD,블록킹 성공률 증가,1,1
109,899,DAMAGE_MINPHYSICAL_ADD,공격력 증가,67,72
109,900,DAMAGE_MINPHYSICAL_ADD,공격력 증가,67,72
109,901,DAMAGE_MINPHYSICAL_ADD,공격력 증가,67,72
109,902,DAMAGE_MINPHYSICAL_ADD,공격력 증가,67,72
109,903,DAMAGE_MINPHYSICAL_ADD,공격력 증가,67,72
109,904,DAMAGE_MINPHYSICAL_ADD,공격력 증가,67,72
109,905,DAMAGE_MINPHYSICAL_ADD,공격력 증가,67,72
109,906,SPEED_ATTACK_MUL,공격속도 증가,1,1
109,907,RATING_CRITICAL_ADD,크리티컬 성공률 증가,1,1
109,908,RATING_BLOCKING_ADD,블록킹 성공률 증가,1,1
110,909,DAMAGE_MINPHYSICAL_ADD,공격력 증가,72,77
110,910,DAMAGE_MINPHYSICAL_ADD,공격력 증가,72,77
110,911,DAMAGE_MINPHYSICAL_ADD,공격력 증가,72,77
110,912,DAMAGE_MINPHYSICAL_ADD,공격력 증가,72,77
110,913,DAMAGE_MINPHYSICAL_ADD,공격력 증가,72,77
110,914,DAMAGE_MINPHYSICAL_ADD,공격력 증가,72,77
110,915,DAMAGE_MINPHYSICAL_ADD,공격력 증가,72,77
110,916,SPEED_ATTACK_MUL,공격속도 증가,1,1
110,917,RATING_CRITICAL_ADD,크리티컬 성공률 증가,1,1
110,918,RATING_BLOCKING_ADD,블록킹 성공률 증가,1,1
111,919,DAMAGE_MINPHYSICAL_ADD,공격력 증가,77,82
111,920,DAMAGE_MINPHYSICAL_ADD,공격력 증가,77,82
111,921,DAMAGE_MINPHYSICAL_ADD,공격력 증가,77,82
111,922,DAMAGE_MINPHYSICAL_ADD,공격력 증가,77,82
111,923,DAMAGE_MINPHYSICAL_ADD,공격력 증가,77,82
111,924,DAMAGE_MINPHYSICAL_ADD,공격력 증가,77,82
111,925,DAMAGE_MINPHYSICAL_ADD,공격력 증가,77,82
111,926,SPEED_ATTACK_MUL,공격속도 증가,1,1
111,927,RATING_CRITICAL_ADD,크리티컬 성공률 증가,1,1
111,928,RATING_BLOCKING_ADD,블록킹 성공률 증가,1,1
112,929,DAMAGE_MINPHYSICAL_ADD,공격력 증가,2,11
112,930,DAMAGE_MINPHYSICAL_ADD,공격력 증가,2,11
112,931,DAMAGE_MINPHYSICAL_ADD,공격력 증가,2,11
112,932,DAMAGE_MINPHYSICAL_ADD,공격력 증가,2,11
112,933,DAMAGE_MINPHYSICAL_ADD,공격력 증가,2,11
112,934,DAMAGE_MINPHYSICAL_ADD,공격력 증가,2,11
112,935,DAMAGE_MINPHYSICAL_ADD,공격력 증가,2,11
112,936,SPEED_ATTACK_MUL,공격속도 증가,1,1
112,937,RATING_CRITICAL_ADD,크리티컬 성공률 증가,1,1
112,938,RATING_BLOCKING_ADD,블록킹 성공률 증가,1,1
113,939,DAMAGE_MINPHYSICAL_ADD,공격력 증가,11,25
113,940,DAMAGE_MINPHYSICAL_ADD,공격력 증가,11,25
113,941,DAMAGE_MINPHYSICAL_ADD,공격력 증가,11,25
113,942,DAMAGE_MINPHYSICAL_ADD,공격력 증가,11,25
113,943,DAMAGE_MINPHYSICAL_ADD,공격력 증가,11,25
113,944,DAMAGE_MINPHYSICAL_ADD,공격력 증가,11,25
113,945,DAMAGE_MINPHYSICAL_ADD,공격력 증가,11,25
113,946,SPEED_ATTACK_MUL,공격속도 증가,1,1
113,947,RATING_CRITICAL_ADD,크리티컬 성공률 증가,1,1
113,948,RATING_BLOCKING_ADD,블록킹 성공률 증가,1,1
114,949,DAMAGE_MINPHYSICAL_ADD,공격력 증가,25,35
114,950,DAMAGE_MINPHYSICAL_ADD,공격력 증가,25,35
114,951,DAMAGE_MINPHYSICAL_ADD,공격력 증가,25,35
114,952,DAMAGE_MINPHYSICAL_ADD,공격력 증가,25,35
114,953,DAMAGE_MINPHYSICAL_ADD,공격력 증가,25,35
114,954,DAMAGE_MINPHYSICAL_ADD,공격력 증가,25,35
114,955,DAMAGE_MINPHYSICAL_ADD,공격력 증가,25,35
114,956,SPEED_ATTACK_MUL,공격속도 증가,1,1
114,957,RATING_CRITICAL_ADD,크리티컬 성공률 증가,1,1
114,958,RATING_BLOCKING_ADD,블록킹 성공률 증가,1,1
115,959,DAMAGE_MINPHYSICAL_ADD,공격력 증가,36,49
115,960,DAMAGE_MINPHYSICAL_ADD,공격력 증가,36,49
115,961,DAMAGE_MINPHYSICAL_ADD,공격력 증가,36,49
115,962,DAMAGE_MINPHYSICAL_ADD,공격력 증가,36,49
115,963,DAMAGE_MINPHYSICAL_ADD,공격력 증가,36,49
115,964,DAMAGE_MINPHYSICAL_ADD,공격력 증가,36,49
115,965,DAMAGE_MINPHYSICAL_ADD,공격력 증가,36,49
115,966,SPEED_ATTACK_MUL,공격속도 증가,1,1
115,967,RATING_CRITICAL_ADD,크리티컬 성공률 증가,1,1
115,968,RATING_BLOCKING_ADD,블록킹 성공률 증가,1,1
116,969,DAMAGE_MINPHYSICAL_ADD,공격력 증가,49,57
116,970,DAMAGE_MINPHYSICAL_ADD,공격력 증가,49,57
116,971,DAMAGE_MINPHYSICAL_ADD,공격력 증가,49,57
116,972,DAMAGE_MINPHYSICAL_ADD,공격력 증가,49,57
116,973,DAMAGE_MINPHYSICAL_ADD,공격력 증가,49,57
116,974,DAMAGE_MINPHYSICAL_ADD,공격력 증가,49,57
116,975,DAMAGE_MINPHYSICAL_ADD,공격력 증가,49,57
116,976,SPEED_ATTACK_MUL,공격속도 증가,1,1
116,977,RATING_CRITICAL_ADD,크리티컬 성공률 증가,1,1
116,978,RATING_BLOCKING_ADD,블록킹 성공률 증가,1,1
117,979,DAMAGE_MINPHYSICAL_ADD,공격력 증가,57,62
117,980,DAMAGE_MINPHYSICAL_ADD,공격력 증가,57,62
117,981,DAMAGE_MINPHYSICAL_ADD,공격력 증가,57,62
117,982,DAMAGE_MINPHYSICAL_ADD,공격력 증가,57,62
117,983,DAMAGE_MINPHYSICAL_ADD,공격력 증가,57,62
117,984,DAMAGE_MINPHYSICAL_ADD,공격력 증가,57,62
117,985,DAMAGE_MINPHYSICAL_ADD,공격력 증가,57,62
117,986,SPEED_ATTACK_MUL,공격속도 증가,1,1
117,987,RATING_CRITICAL_ADD,크리티컬 성공률 증가,1,1
117,988,RATING_BLOCKING_ADD,블록킹 성공률 증가,1,1
118,989,DAMAGE_MINPHYSICAL_ADD,공격력 증가,62,67
118,990,DAMAGE_MINPHYSICAL_ADD,공격력 증가,62,67
118,991,DAMAGE_MINPHYSICAL_ADD,공격력 증가,62,67
118,992,DAMAGE_MINPHYSICAL_ADD,공격력 증가,62,67
118,993,DAMAGE_MINPHYSICAL_ADD,공격력 증가,62,67
118,994,DAMAGE_MINPHYSICAL_ADD,공격력 증가,62,67
118,995,DAMAGE_MINPHYSICAL_ADD,공격력 증가,62,67
118,996,SPEED_ATTACK_MUL,공격속도 증가,1,1
118,997,RATING_CRITICAL_ADD,크리티컬 성공률 증가,1,1
118,998,RATING_BLOCKING_ADD,블록킹 성공률 증가,1,1
119,999,DAMAGE_MINPHYSICAL_ADD,공격력 증가,67,72
119,1000,DAMAGE_MINPHYSICAL_ADD,공격력 증가,67,72
119,1001,DAMAGE_MINPHYSICAL_ADD,공격력 증가,67,72
119,1002,DAMAGE_MINPHYSICAL_ADD,공격력 증가,67,72
119,1003,DAMAGE_MINPHYSICAL_ADD,공격력 증가,67,72
119,1004,DAMAGE_MINPHYSICAL_ADD,공격력 증가,67,72
119,1005,DAMAGE_MINPHYSICAL_ADD,공격력 증가,67,72
119,1006,SPEED_ATTACK_MUL,공격속도 증가,1,1
119,1007,RATING_CRITICAL_ADD,크리티컬 성공률 증가,1,1
119,1008,RATING_BLOCKING_ADD,블록킹 성공률 증가,1,1
120,1009,DAMAGE_MINPHYSICAL_ADD,공격력 증가,72,77
120,1010,DAMAGE_MINPHYSICAL_ADD,공격력 증가,72,77
120,1011,DAMAGE_MINPHYSICAL_ADD,공격력 증가,72,77
120,1012,DAMAGE_MINPHYSICAL_ADD,공격력 증가,72,77
120,1013,DAMAGE_MINPHYSICAL_ADD,공격력 증가,72,77
120,1014,DAMAGE_MINPHYSICAL_ADD,공격력 증가,72,77
120,1015,DAMAGE_MINPHYSICAL_ADD,공격력 증가,72,77
120,1016,SPEED_ATTACK_MUL,공격속도 증가,1,1
120,1017,RATING_CRITICAL_ADD,크리티컬 성공률 증가,1,1
120,1018,RATING_BLOCKING_ADD,블록킹 성공률 증가,1,1
121,1019,DAMAGE_MINPHYSICAL_ADD,공격력 증가,77,82
121,1020,DAMAGE_MINPHYSICAL_ADD,공격력 증가,77,82
121,1021,DAMAGE_MINPHYSICAL_ADD,공격력 증가,77,82
121,1022,DAMAGE_MINPHYSICAL_ADD,공격력 증가,77,82
121,1023,DAMAGE_MINPHYSICAL_ADD,공격력 증가,77,82
121,1024,DAMAGE_MINPHYSICAL_ADD,공격력 증가,77,82
121,1025,DAMAGE_MINPHYSICAL_ADD,공격력 증가,77,82
121,1026,SPEED_ATTACK_MUL,공격속도 증가,1,1
121,1027,RATING_CRITICAL_ADD,크리티컬 성공률 증가,1,1
121,1028,RATING_BLOCKING_ADD,블록킹 성공률 증가,1,1
122,1029,DAMAGE_MINPHYSICAL_ADD,공격력 증가,2,11
122,1030,DAMAGE_MINPHYSICAL_ADD,공격력 증가,2,11
122,1031,DAMAGE_MINPHYSICAL_ADD,공격력 증가,2,11
122,1032,DAMAGE_MINPHYSICAL_ADD,공격력 증가,2,11
122,1033,DAMAGE_MINPHYSICAL_ADD,공격력 증가,2,11
122,1034,DAMAGE_MINPHYSICAL_ADD,공격력 증가,2,11
122,1035,DAMAGE_MINPHYSICAL_ADD,공격력 증가,2,11
122,1036,SPEED_ATTACK_MUL,공격속도 증가,1,1
122,1037,RATING_CRITICAL_ADD,크리티컬 성공률 증가,1,1
122,1038,RATING_BLOCKING_ADD,블록킹 성공률 증가,1,1
123,1039,DAMAGE_MINPHYSICAL_ADD,공격력 증가,11,25
123,1040,DAMAGE_MINPHYSICAL_ADD,공격력 증가,11,25
123,1041,DAMAGE_MINPHYSICAL_ADD,공격력 증가,11,25
123,1042,DAMAGE_MINPHYSICAL_ADD,공격력 증가,11,25
123,1043,DAMAGE_MINPHYSICAL_ADD,공격력 증가,11,25
123,1044,DAMAGE_MINPHYSICAL_ADD,공격력 증가,11,25
123,1045,DAMAGE_MINPHYSICAL_ADD,공격력 증가,11,25
123,1046,SPEED_ATTACK_MUL,공격속도 증가,1,1
123,1047,RATING_CRITICAL_ADD,크리티컬 성공률 증가,1,1
123,1048,RATING_BLOCKING_ADD,블록킹 성공률 증가,1,1
124,1049,DAMAGE_MINPHYSICAL_ADD,공격력 증가,25,35
124,1050,DAMAGE_MINPHYSICAL_ADD,공격력 증가,25,35
124,1051,DAMAGE_MINPHYSICAL_ADD,공격력 증가,25,35
124,1052,DAMAGE_MINPHYSICAL_ADD,공격력 증가,25,35
124,1053,DAMAGE_MINPHYSICAL_ADD,공격력 증가,25,35
124,1054,DAMAGE_MINPHYSICAL_ADD,공격력 증가,25,35
124,1055,DAMAGE_MINPHYSICAL_ADD,공격력 증가,25,35
124,1056,SPEED_ATTACK_MUL,공격속도 증가,1,1
124,1057,RATING_CRITICAL_ADD,크리티컬 성공률 증가,1,1
124,1058,RATING_BLOCKING_ADD,블록킹 성공률 증가,1,1
125,1059,DAMAGE_MINPHYSICAL_ADD,공격력 증가,36,49
125,1060,DAMAGE_MINPHYSICAL_ADD,공격력 증가,36,49
125,1061,DAMAGE_MINPHYSICAL_ADD,공격력 증가,36,49
125,1062,DAMAGE_MINPHYSICAL_ADD,공격력 증가,36,49
125,1063,DAMAGE_MINPHYSICAL_ADD,공격력 증가,36,49
125,1064,DAMAGE_MINPHYSICAL_ADD,공격력 증가,36,49
125,1065,DAMAGE_MINPHYSICAL_ADD,공격력 증가,36,49
125,1066,SPEED_ATTACK_MUL,공격속도 증가,1,1
125,1067,RATING_CRITICAL_ADD,크리티컬 성공률 증가,1,1
125,1068,RATING_BLOCKING_ADD,블록킹 성공률 증가,1,1
126,1069,DAMAGE_MINPHYSICAL_ADD,공격력 증가,49,57
126,1070,DAMAGE_MINPHYSICAL_ADD,공격력 증가,49,57
126,1071,DAMAGE_MINPHYSICAL_ADD,공격력 증가,49,57
126,1072,DAMAGE_MINPHYSICAL_ADD,공격력 증가,49,57
126,1073,DAMAGE_MINPHYSICAL_ADD,공격력 증가,49,57
126,1074,DAMAGE_MINPHYSICAL_ADD,공격력 증가,49,57
126,1075,DAMAGE_MINPHYSICAL_ADD,공격력 증가,49,57
126,1076,SPEED_ATTACK_MUL,공격속도 증가,1,1
126,1077,RATING_CRITICAL_ADD,크리티컬 성공률 증가,1,1
126,1078,RATING_BLOCKING_ADD,블록킹 성공률 증가,1,1
127,1079,DAMAGE_MINPHYSICAL_ADD,공격력 증가,57,62
127,1080,DAMAGE_MINPHYSICAL_ADD,공격력 증가,57,62
127,1081,DAMAGE_MINPHYSICAL_ADD,공격력 증가,57,62
127,1082,DAMAGE_MINPHYSICAL_ADD,공격력 증가,57,62
127,1083,DAMAGE_MINPHYSICAL_ADD,공격력 증가,57,62
127,1084,DAMAGE_MINPHYSICAL_ADD,공격력 증가,57,62
127,1085,DAMAGE_MINPHYSICAL_ADD,공격력 증가,57,62
127,1086,SPEED_ATTACK_MUL,공격속도 증가,1,1
127,1087,RATING_CRITICAL_ADD,크리티컬 성공률 증가,1,1
127,1088,RATING_BLOCKING_ADD,블록킹 성공률 증가,1,1
128,1089,DAMAGE_MINPHYSICAL_ADD,공격력 증가,62,67
128,1090,DAMAGE_MINPHYSICAL_ADD,공격력 증가,62,67
128,1091,DAMAGE_MINPHYSICAL_ADD,공격력 증가,62,67
128,1092,DAMAGE_MINPHYSICAL_ADD,공격력 증가,62,67
128,1093,DAMAGE_MINPHYSICAL_ADD,공격력 증가,62,67
128,1094,DAMAGE_MINPHYSICAL_ADD,공격력 증가,62,67
128,1095,DAMAGE_MINPHYSICAL_ADD,공격력 증가,62,67
128,1096,SPEED_ATTACK_MUL,공격속도 증가,1,1
128,1097,RATING_CRITICAL_ADD,크리티컬 성공률 증가,1,1
128,1098,RATING_BLOCKING_ADD,블록킹 성공률 증가,1,1
129,1099,DAMAGE_MINPHYSICAL_ADD,공격력 증가,67,72
129,1100,DAMAGE_MINPHYSICAL_ADD,공격력 증가,67,72
129,1101,DAMAGE_MINPHYSICAL_ADD,공격력 증가,67,72
129,1102,DAMAGE_MINPHYSICAL_ADD,공격력 증가,67,72
129,1103,DAMAGE_MINPHYSICAL_ADD,공격력 증가,67,72
129,1104,DAMAGE_MINPHYSICAL_ADD,공격력 증가,67,72
129,1105,DAMAGE_MINPHYSICAL_ADD,공격력 증가,67,72
129,1106,SPEED_ATTACK_MUL,공격속도 증가,1,1
129,1107,RATING_CRITICAL_ADD,크리티컬 성공률 증가,1,1
129,1108,RATING_BLOCKING_ADD,블록킹 성공률 증가,1,1
130,1109,DAMAGE_MINPHYSICAL_ADD,공격력 증가,72,77
130,1110,DAMAGE_MINPHYSICAL_ADD,공격력 증가,72,77
130,1111,DAMAGE_MINPHYSICAL_ADD,공격력 증가,72,77
130,1112,DAMAGE_MINPHYSICAL_ADD,공격력 증가,72,77
130,1113,DAMAGE_MINPHYSICAL_ADD,공격력 증가,72,77
130,1114,DAMAGE_MINPHYSICAL_ADD,공격력 증가,72,77
130,1115,DAMAGE_MINPHYSICAL_ADD,공격력 증가,72,77
130,1116,SPEED_ATTACK_MUL,공격속도 증가,1,1
130,1117,RATING_CRITICAL_ADD,크리티컬 성공률 증가,1,1
130,1118,RATING_BLOCKING_ADD,블록킹 성공률 증가,1,1
131,1119,DAMAGE_MINPHYSICAL_ADD,공격력 증가,77,82
131,1120,DAMAGE_MINPHYSICAL_ADD,공격력 증가,77,82
131,1121,DAMAGE_MINPHYSICAL_ADD,공격력 증가,77,82
131,1122,DAMAGE_MINPHYSICAL_ADD,공격력 증가,77,82
131,1123,DAMAGE_MINPHYSICAL_ADD,공격력 증가,77,82
131,1124,DAMAGE_MINPHYSICAL_ADD,공격력 증가,77,82
131,1125,DAMAGE_MINPHYSICAL_ADD,공격력 증가,77,82
131,1126,SPEED_ATTACK_MUL,공격속도 증가,1,1
131,1127,RATING_CRITICAL_ADD,크리티컬 성공률 증가,1,1
131,1128,RATING_BLOCKING_ADD,블록킹 성공률 증가,1,1
132,1129,DAMAGE_MINPHYSICAL_ADD,공격력 증가,2,11
132,1130,DAMAGE_MINMAGICAL_ADD,마법 공격력 증가,2,10
132,1131,DAMAGEADD_FIRE_ADD,파이어 공격력 + 증가,3,14
132,1132,DAMAGE_MINMAGICAL_ADD,마법 공격력 증가,2,10
132,1133,DAMAGEADD_LIGHTNING_ADD,라이트닝 공격력 + 증가,3,14
132,1134,DAMAGE_MINMAGICAL_ADD,마법 공격력 증가,2,10
132,1135,DAMAGEADD_CURSE_ADD,커즈 공격력 + 증가,3,14
132,1136,DAMAGE_MINMAGICAL_ADD,마법 공격력 증가,2,10
132,1137,DAMAGE_MINMAGICAL_ADD,마법 공격력 증가,2,11
132,1138,DAMAGE_MINMAGICAL_ADD,마법 공격력 증가,2,10
133,1139,DAMAGE_MINPHYSICAL_ADD,공격력 증가,11,25
133,1140,DAMAGE_MINMAGICAL_ADD,마법 공격력 증가,10,22
133,1141,DAMAGEADD_FIRE_ADD,파이어 공격력 + 증가,15,31
133,1142,DAMAGE_MINMAGICAL_ADD,마법 공격력 증가,10,22
133,1143,DAMAGEADD_LIGHTNING_ADD,라이트닝 공격력 + 증가,15,31
133,1144,DAMAGE_MINMAGICAL_ADD,마법 공격력 증가,10,22
133,1145,DAMAGEADD_CURSE_ADD,커즈 공격력 + 증가,15,31
133,1146,DAMAGE_MINMAGICAL_ADD,마법 공격력 증가,10,22
133,1147,DAMAGE_MINMAGICAL_ADD,마법 공격력 증가,11,25
133,1148,DAMAGE_MINMAGICAL_ADD,마법 공격력 증가,10,22
134,1149,DAMAGE_MINPHYSICAL_ADD,공격력 증가,25,35
134,1150,DAMAGE_MINMAGICAL_ADD,마법 공격력 증가,22,31
134,1151,DAMAGEADD_FIRE_ADD,파이어 공격력 + 증가,31,44
134,1152,DAMAGE_MINMAGICAL_ADD,마법 공격력 증가,22,31
134,1153,DAMAGEADD_LIGHTNING_ADD,라이트닝 공격력 + 증가,31,44
134,1154,DAMAGE_MINMAGICAL_ADD,마법 공격력 증가,22,31
134,1155,DAMAGEADD_CURSE_ADD,커즈 공격력 + 증가,31,44
134,1156,DAMAGE_MINMAGICAL_ADD,마법 공격력 증가,22,31
134,1157,DAMAGE_MINMAGICAL_ADD,마법 공격력 증가,25,35
134,1158,DAMAGE_MINMAGICAL_ADD,마법 공격력 증가,22,31
135,1159,DAMAGE_MINPHYSICAL_ADD,공격력 증가,36,49
135,1160,DAMAGE_MINMAGICAL_ADD,마법 공격력 증가,32,43
135,1161,DAMAGEADD_FIRE_ADD,파이어 공격력 + 증가,45,61
135,1162,DAMAGE_MINMAGICAL_ADD,마법 공격력 증가,32,43
135,1163,DAMAGEADD_LIGHTNING_ADD,라이트닝 공격력 + 증가,45,61
135,1164,DAMAGE_MINMAGICAL_ADD,마법 공격력 증가,32,43
135,1165,DAMAGEADD_CURSE_ADD,커즈 공격력 + 증가,45,61
135,1166,DAMAGE_MINMAGICAL_ADD,마법 공격력 증가,32,43
135,1167,DAMAGE_MINMAGICAL_ADD,마법 공격력 증가,36,49
135,1168,DAMAGE_MINMAGICAL_ADD,마법 공격력 증가,32,43
136,1169,DAMAGE_MINPHYSICAL_ADD,공격력 증가,49,57
136,1170,DAMAGE_MINMAGICAL_ADD,마법 공격력 증가,44,51
136,1171,DAMAGEADD_FIRE_ADD,파이어 공격력 + 증가,61,71
136,1172,DAMAGE_MINMAGICAL_ADD,마법 공격력 증가,44,51
136,1173,DAMAGEADD_LIGHTNING_ADD,라이트닝 공격력 + 증가,61,71
136,1174,DAMAGE_MINMAGICAL_ADD,마법 공격력 증가,44,51
136,1175,DAMAGEADD_CURSE_ADD,커즈 공격력 + 증가,61,71
136,1176,DAMAGE_MINMAGICAL_ADD,마법 공격력 증가,44,51
136,1177,DAMAGE_MINMAGICAL_ADD,마법 공격력 증가,49,57
136,1178,DAMAGE_MINMAGICAL_ADD,마법 공격력 증가,44,51
137,1179,DAMAGE_MINPHYSICAL_ADD,공격력 증가,57,62
137,1180,DAMAGE_MINMAGICAL_ADD,마법 공격력 증가,51,56
137,1181,DAMAGEADD_FIRE_ADD,파이어 공격력 + 증가,72,79
137,1182,DAMAGE_MINMAGICAL_ADD,마법 공격력 증가,51,56
137,1183,DAMAGEADD_LIGHTNING_ADD,라이트닝 공격력 + 증가,72,79
137,1184,DAMAGE_MINMAGICAL_ADD,마법 공격력 증가,51,56
137,1185,DAMAGEADD_CURSE_ADD,커즈 공격력 + 증가,72,79
137,1186,DAMAGE_MINMAGICAL_ADD,마법 공격력 증가,51,56
137,1187,DAMAGE_MINMAGICAL_ADD,마법 공격력 증가,57,62
137,1188,DAMAGE_MINMAGICAL_ADD,마법 공격력 증가,51,56
138,1189,DAMAGE_MINPHYSICAL_ADD,공격력 증가,62,67
138,1190,DAMAGE_MINMAGICAL_ADD,마법 공격력 증가,57,62
138,1191,DAMAGEADD_FIRE_ADD,파이어 공격력 + 증가,80,87
138,1192,DAMAGE_MINMAGICAL_ADD,마법 공격력 증가,57,62
138,1193,DAMAGEADD_LIGHTNING_ADD,라이트닝 공격력 + 증가,80,87
138,1194,DAMAGE_MINMAGICAL_ADD,마법 공격력 증가,57,62
138,1195,DAMAGEADD_CURSE_ADD,커즈 공격력 + 증가,80,87
138,1196,DAMAGE_MINMAGICAL_ADD,마법 공격력 증가,57,62
138,1197,DAMAGE_MINMAGICAL_ADD,마법 공격력 증가,62,67
138,1198,DAMAGE_MINMAGICAL_ADD,마법 공격력 증가,57,62
139,1199,DAMAGE_MINPHYSICAL_ADD,공격력 증가,67,72
139,1200,DAMAGE_MINMAGICAL_ADD,마법 공격력 증가,62,68
139,1201,DAMAGEADD_FIRE_ADD,파이어 공격력 + 증가,88,95
139,1202,DAMAGE_MINMAGICAL_ADD,마법 공격력 증가,62,68
139,1203,DAMAGEADD_LIGHTNING_ADD,라이트닝 공격력 + 증가,88,95
139,1204,DAMAGE_MINMAGICAL_ADD,마법 공격력 증가,62,68
139,1205,DAMAGEADD_CURSE_ADD,커즈 공격력 + 증가,88,95
139,1206,DAMAGE_MINMAGICAL_ADD,마법 공격력 증가,62,68
139,1207,DAMAGE_MINMAGICAL_ADD,마법 공격력 증가,67,72
139,1208,DAMAGE_MINMAGICAL_ADD,마법 공격력 증가,62,68
140,1209,DAMAGE_MINPHYSICAL_ADD,공격력 증가,72,77
140,1210,DAMAGE_MINMAGICAL_ADD,마법 공격력 증가,68,73
140,1211,DAMAGEADD_FIRE_ADD,파이어 공격력 + 증가,98,103
140,1212,DAMAGE_MINMAGICAL_ADD,마법 공격력 증가,68,73
140,1213,DAMAGEADD_LIGHTNING_ADD,라이트닝 공격력 + 증가,98,103
140,1214,DAMAGE_MINMAGICAL_ADD,마법 공격력 증가,68,73
140,1215,DAMAGEADD_CURSE_ADD,커즈 공격력 + 증가,98,103
140,1216,DAMAGE_MINMAGICAL_ADD,마법 공격력 증가,68,73
140,1217,DAMAGE_MINMAGICAL_ADD,마법 공격력 증가,72,77
140,1218,DAMAGE_MINMAGICAL_ADD,마법 공격력 증가,68,73
141,1219,DAMAGE_MINPHYSICAL_ADD,공격력 증가,77,82
141,1220,DAMAGE_MINMAGICAL_ADD,마법 공격력 증가,74,79
141,1221,DAMAGEADD_FIRE_ADD,파이어 공격력 + 증가,103,111
141,1222,DAMAGE_MINMAGICAL_ADD,마법 공격력 증가,74,79
141,1223,DAMAGEADD_LIGHTNING_ADD,라이트닝 공격력 + 증가,103,111
141,1224,DAMAGE_MINMAGICAL_ADD,마법 공격력 증가,74,79
141,1225,DAMAGEADD_CURSE_ADD,커즈 공격력 + 증가,103,111
141,1226,DAMAGE_MINMAGICAL_ADD,마법 공격력 증가,74,79
141,1227,DAMAGE_MINMAGICAL_ADD,마법 공격력 증가,77,82
141,1228,DAMAGE_MINMAGICAL_ADD,마법 공격력 증가,74,79
142,1229,DAMAGE_MINPHYSICAL_ADD,공격력 증가,2,11
142,1230,DAMAGE_MINMAGICAL_ADD,마법 공격력 증가,2,10
142,1231,DAMAGEADD_FIRE_ADD,파이어 공격력 + 증가,3,14
142,1232,DAMAGE_MINMAGICAL_ADD,마법 공격력 증가,2,10
142,1233,DAMAGEADD_LIGHTNING_ADD,라이트닝 공격력 + 증가,3,14
142,1234,DAMAGE_MINMAGICAL_ADD,마법 공격력 증가,2,10
142,1235,DAMAGEADD_CURSE_ADD,커즈 공격력 + 증가,3,14
142,1236,DAMAGE_MINMAGICAL_ADD,마법 공격력 증가,2,10
142,1237,DAMAGE_MINMAGICAL_ADD,마법 공격력 증가,2,11
142,1238,DAMAGE_MINMAGICAL_ADD,마법 공격력 증가,2,10
143,1239,DAMAGE_MINPHYSICAL_ADD,공격력 증가,11,25
143,1240,DAMAGE_MINMAGICAL_ADD,마법 공격력 증가,10,22
143,1241,DAMAGEADD_FIRE_ADD,파이어 공격력 + 증가,15,31
143,1242,DAMAGE_MINMAGICAL_ADD,마법 공격력 증가,10,22
143,1243,DAMAGEADD_LIGHTNING_ADD,라이트닝 공격력 + 증가,15,31
143,1244,DAMAGE_MINMAGICAL_ADD,마법 공격력 증가,10,22
143,1245,DAMAGEADD_CURSE_ADD,커즈 공격력 + 증가,15,31
143,1246,DAMAGE_MINMAGICAL_ADD,마법 공격력 증가,10,22
143,1247,DAMAGE_MINMAGICAL_ADD,마법 공격력 증가,11,25
143,1248,DAMAGE_MINMAGICAL_ADD,마법 공격력 증가,10,22
144,1249,DAMAGE_MINPHYSICAL_ADD,공격력 증가,25,35
144,1250,DAMAGE_MINMAGICAL_ADD,마법 공격력 증가,22,31
144,1251,DAMAGEADD_FIRE_ADD,파이어 공격력 + 증가,31,44
144,1252,DAMAGE_MINMAGICAL_ADD,마법 공격력 증가,22,31
144,1253,DAMAGEADD_LIGHTNING_ADD,라이트닝 공격력 + 증가,31,44
144,1254,DAMAGE_MINMAGICAL_ADD,마법 공격력 증가,22,31
144,1255,DAMAGEADD_CURSE_ADD,커즈 공격력 + 증가,31,44
144,1256,DAMAGE_MINMAGICAL_ADD,마법 공격력 증가,22,31
144,1257,DAMAGE_MINMAGICAL_ADD,마법 공격력 증가,25,35
144,1258,DAMAGE_MINMAGICAL_ADD,마법 공격력 증가,22,31
145,1259,DAMAGE_MINPHYSICAL_ADD,공격력 증가,36,49
145,1260,DAMAGE_MINMAGICAL_ADD,마법 공격력 증가,32,43
145,1261,DAMAGEADD_FIRE_ADD,파이어 공격력 + 증가,45,61
145,1262,DAMAGE_MINMAGICAL_ADD,마법 공격력 증가,32,43
145,1263,DAMAGEADD_LIGHTNING_ADD,라이트닝 공격력 + 증가,45,61
145,1264,DAMAGE_MINMAGICAL_ADD,마법 공격력 증가,32,43
145,1265,DAMAGEADD_CURSE_ADD,커즈 공격력 + 증가,45,61
145,1266,DAMAGE_MINMAGICAL_ADD,마법 공격력 증가,32,43
145,1267,DAMAGE_MINMAGICAL_ADD,마법 공격력 증가,36,49
145,1268,DAMAGE_MINMAGICAL_ADD,마법 공격력 증가,32,43
146,1269,DAMAGE_MINPHYSICAL_ADD,공격력 증가,49,57
146,1270,DAMAGE_MINMAGICAL_ADD,마법 공격력 증가,44,51
146,1271,DAMAGEADD_FIRE_ADD,파이어 공격력 + 증가,61,71
146,1272,DAMAGE_MINMAGICAL_ADD,마법 공격력 증가,44,51
146,1273,DAMAGEADD_LIGHTNING_ADD,라이트닝 공격력 + 증가,61,71
146,1274,DAMAGE_MINMAGICAL_ADD,마법 공격력 증가,44,51
146,1275,DAMAGEADD_CURSE_ADD,커즈 공격력 + 증가,61,71
146,1276,DAMAGE_MINMAGICAL_ADD,마법 공격력 증가,44,51
146,1277,DAMAGE_MINMAGICAL_ADD,마법 공격력 증가,49,57
146,1278,DAMAGE_MINMAGICAL_ADD,마법 공격력 증가,44,51
147,1279,DAMAGE_MINPHYSICAL_ADD,공격력 증가,57,62
147,1280,DAMAGE_MINMAGICAL_ADD,마법 공격력 증가,51,56
147,1281,DAMAGEADD_FIRE_ADD,파이어 공격력 + 증가,72,79
147,1282,DAMAGE_MINMAGICAL_ADD,마법 공격력 증가,51,56
147,1283,DAMAGEADD_LIGHTNING_ADD,라이트닝 공격력 + 증가,72,79
147,1284,DAMAGE_MINMAGICAL_ADD,마법 공격력 증가,51,56
147,1285,DAMAGEADD_CURSE_ADD,커즈 공격력 + 증가,72,79
147,1286,DAMAGE_MINMAGICAL_ADD,마법 공격력 증가,51,56
147,1287,DAMAGE_MINMAGICAL_ADD,마법 공격력 증가,57,62
147,1288,DAMAGE_MINMAGICAL_ADD,마법 공격력 증가,51,56
148,1289,DAMAGE_MINPHYSICAL_ADD,공격력 증가,62,67
148,1290,DAMAGE_MINMAGICAL_ADD,마법 공격력 증가,57,62
148,1291,DAMAGEADD_FIRE_ADD,파이어 공격력 + 증가,80,87
148,1292,DAMAGE_MINMAGICAL_ADD,마법 공격력 증가,57,62
148,1293,DAMAGEADD_LIGHTNING_ADD,라이트닝 공격력 + 증가,80,87
148,1294,DAMAGE_MINMAGICAL_ADD,마법 공격력 증가,57,62
148,1295,DAMAGEADD_CURSE_ADD,커즈 공격력 + 증가,80,87
148,1296,DAMAGE_MINMAGICAL_ADD,마법 공격력 증가,57,62
148,1297,DAMAGE_MINMAGICAL_ADD,마법 공격력 증가,62,67
148,1298,DAMAGE_MINMAGICAL_ADD,마법 공격력 증가,57,62
149,1299,DAMAGE_MINPHYSICAL_ADD,공격력 증가,67,72
149,1300,DAMAGE_MINMAGICAL_ADD,마법 공격력 증가,62,68
149,1301,DAMAGEADD_FIRE_ADD,파이어 공격력 + 증가,88,95
149,1302,DAMAGE_MINMAGICAL_ADD,마법 공격력 증가,62,68
149,1303,DAMAGEADD_LIGHTNING_ADD,라이트닝 공격력 + 증가,88,95
149,1304,DAMAGE_MINMAGICAL_ADD,마법 공격력 증가,62,68
149,1305,DAMAGEADD_CURSE_ADD,커즈 공격력 + 증가,88,95
149,1306,DAMAGE_MINMAGICAL_ADD,마법 공격력 증가,62,68
149,1307,DAMAGE_MINMAGICAL_ADD,마법 공격력 증가,67,72
149,1308,DAMAGE_MINMAGICAL_ADD,마법 공격력 증가,62,68
150,1309,DAMAGE_MINPHYSICAL_ADD,공격력 증가,72,77
150,1310,DAMAGE_MINMAGICAL_ADD,마법 공격력 증가,68,73
150,1311,DAMAGEADD_FIRE_ADD,파이어 공격력 + 증가,98,103
150,1312,DAMAGE_MINMAGICAL_ADD,마법 공격력 증가,68,73
150,1313,DAMAGEADD_LIGHTNING_ADD,라이트닝 공격력 + 증가,98,103
150,1314,DAMAGE_MINMAGICAL_ADD,마법 공격력 증가,68,73
150,1315,DAMAGEADD_CURSE_ADD,커즈 공격력 + 증가,98,103
150,1316,DAMAGE_MINMAGICAL_ADD,마법 공격력 증가,68,73
150,1317,DAMAGE_MINMAGICAL_ADD,마법 공격력 증가,72,77
150,1318,DAMAGE_MINMAGICAL_ADD,마법 공격력 증가,68,73
151,1319,DAMAGE_MINPHYSICAL_ADD,공격력 증가,77,82
151,1320,DAMAGE_MINMAGICAL_ADD,마법 공격력 증가,74,79
151,1321,DAMAGEADD_FIRE_ADD,파이어 공격력 + 증가,103,111
151,1322,DAMAGE_MINMAGICAL_ADD,마법 공격력 증가,74,79
151,1323,DAMAGEADD_LIGHTNING_ADD,라이트닝 공격력 + 증가,103,111
151,1324,DAMAGE_MINMAGICAL_ADD,마법 공격력 증가,74,79
151,1325,DAMAGEADD_CURSE_ADD,커즈 공격력 + 증가,103,111
151,1326,DAMAGE_MINMAGICAL_ADD,마법 공격력 증가,74,79
151,1327,DAMAGE_MINMAGICAL_ADD,마법 공격력 증가,77,82
151,1328,DAMAGE_MINMAGICAL_ADD,마법 공격력 증가,74,79
152,1329,DAMAGE_MINPHYSICAL_ADD,공격력 증가,2,11
152,1330,DAMAGE_MINMAGICAL_ADD,마법 공격력 증가,2,10
152,1331,DAMAGE_MINPHYSICAL_ADD,공격력 증가,2,11
152,1332,DAMAGE_MINMAGICAL_ADD,마법 공격력 증가,2,10
152,1333,DAMAGE_MINPHYSICAL_ADD,공격력 증가,2,11
152,1334,DAMAGE_MINMAGICAL_ADD,마법 공격력 증가,2,10
152,1335,DAMAGE_MINPHYSICAL_ADD,공격력 증가,2,11
152,1336,SPEED_ATTACK_MUL,공격속도 증가,1,1
152,1337,RATING_CRITICAL_ADD,크리티컬 성공률 증가,1,1
152,1338,RATING_BLOCKING_ADD,블록킹 성공률 증가,1,1
153,1339,DAMAGE_MINPHYSICAL_ADD,공격력 증가,11,25
153,1340,DAMAGE_MINMAGICAL_ADD,마법 공격력 증가,10,22
153,1341,DAMAGE_MINPHYSICAL_ADD,공격력 증가,11,25
153,1342,DAMAGE_MINMAGICAL_ADD,마법 공격력 증가,10,22
153,1343,DAMAGE_MINPHYSICAL_ADD,공격력 증가,11,25
153,1344,DAMAGE_MINMAGICAL_ADD,마법 공격력 증가,10,22
153,1345,DAMAGE_MINPHYSICAL_ADD,공격력 증가,11,25
153,1346,SPEED_ATTACK_MUL,공격속도 증가,1,1
153,1347,RATING_CRITICAL_ADD,크리티컬 성공률 증가,1,1
153,1348,RATING_BLOCKING_ADD,블록킹 성공률 증가,1,1
154,1349,DAMAGE_MINPHYSICAL_ADD,공격력 증가,25,35
154,1350,DAMAGE_MINMAGICAL_ADD,마법 공격력 증가,22,31
154,1351,DAMAGE_MINPHYSICAL_ADD,공격력 증가,25,35
154,1352,DAMAGE_MINMAGICAL_ADD,마법 공격력 증가,22,31
154,1353,DAMAGE_MINPHYSICAL_ADD,공격력 증가,25,35
154,1354,DAMAGE_MINMAGICAL_ADD,마법 공격력 증가,22,31
154,1355,DAMAGE_MINPHYSICAL_ADD,공격력 증가,25,35
154,1356,SPEED_ATTACK_MUL,공격속도 증가,1,1
154,1357,RATING_CRITICAL_ADD,크리티컬 성공률 증가,1,1
154,1358,RATING_BLOCKING_ADD,블록킹 성공률 증가,1,1
155,1359,DAMAGE_MINPHYSICAL_ADD,공격력 증가,36,49
155,1360,DAMAGE_MINMAGICAL_ADD,마법 공격력 증가,32,43
155,1361,DAMAGE_MINPHYSICAL_ADD,공격력 증가,36,49
155,1362,DAMAGE_MINMAGICAL_ADD,마법 공격력 증가,32,43
155,1363,DAMAGE_MINPHYSICAL_ADD,공격력 증가,36,49
155,1364,DAMAGE_MINMAGICAL_ADD,마법 공격력 증가,32,43
155,1365,DAMAGE_MINPHYSICAL_ADD,공격력 증가,36,49
155,1366,SPEED_ATTACK_MUL,공격속도 증가,1,1
155,1367,RATING_CRITICAL_ADD,크리티컬 성공률 증가,1,1
155,1368,RATING_BLOCKING_ADD,블록킹 성공률 증가,1,1
156,1369,DAMAGE_MINPHYSICAL_ADD,공격력 증가,49,57
156,1370,DAMAGE_MINMAGICAL_ADD,마법 공격력 증가,44,51
156,1371,DAMAGE_MINPHYSICAL_ADD,공격력 증가,49,57
156,1372,DAMAGE_MINMAGICAL_ADD,마법 공격력 증가,44,51
156,1373,DAMAGE_MINPHYSICAL_ADD,공격력 증가,49,57
156,1374,DAMAGE_MINMAGICAL_ADD,마법 공격력 증가,44,51
156,1375,DAMAGE_MINPHYSICAL_ADD,공격력 증가,49,57
156,1376,SPEED_ATTACK_MUL,공격속도 증가,1,1
156,1377,RATING_CRITICAL_ADD,크리티컬 성공률 증가,1,1
156,1378,RATING_BLOCKING_ADD,블록킹 성공률 증가,1,1
157,1379,DAMAGE_MINPHYSICAL_ADD,공격력 증가,57,62
157,1380,DAMAGE_MINMAGICAL_ADD,마법 공격력 증가,51,56
157,1381,DAMAGE_MINPHYSICAL_ADD,공격력 증가,57,62
157,1382,DAMAGE_MINMAGICAL_ADD,마법 공격력 증가,51,56
157,1383,DAMAGE_MINPHYSICAL_ADD,공격력 증가,57,62
157,1384,DAMAGE_MINMAGICAL_ADD,마법 공격력 증가,51,56
157,1385,DAMAGE_MINPHYSICAL_ADD,공격력 증가,57,62
157,1386,SPEED_ATTACK_MUL,공격속도 증가,1,1
157,1387,RATING_CRITICAL_ADD,크리티컬 성공률 증가,1,1
157,1388,RATING_BLOCKING_ADD,블록킹 성공률 증가,1,1
158,1389,DAMAGE_MINPHYSICAL_ADD,공격력 증가,62,67
158,1390,DAMAGE_MINMAGICAL_ADD,마법 공격력 증가,57,62
158,1391,DAMAGE_MINPHYSICAL_ADD,공격력 증가,62,67
158,1392,DAMAGE_MINMAGICAL_ADD,마법 공격력 증가,57,62
158,1393,DAMAGE_MINPHYSICAL_ADD,공격력 증가,62,67
158,1394,DAMAGE_MINMAGICAL_ADD,마법 공격력 증가,57,62
158,1395,DAMAGE_MINPHYSICAL_ADD,공격력 증가,62,67
158,1396,SPEED_ATTACK_MUL,공격속도 증가,1,1
158,1397,RATING_CRITICAL_ADD,크리티컬 성공률 증가,1,1
158,1398,RATING_BLOCKING_ADD,블록킹 성공률 증가,1,1
159,1399,DAMAGE_MINPHYSICAL_ADD,공격력 증가,67,72
159,1400,DAMAGE_MINMAGICAL_ADD,마법 공격력 증가,62,68
159,1401,DAMAGE_MINPHYSICAL_ADD,공격력 증가,67,72
159,1402,DAMAGE_MINMAGICAL_ADD,마법 공격력 증가,62,68
159,1403,DAMAGE_MINPHYSICAL_ADD,공격력 증가,67,72
159,1404,DAMAGE_MINMAGICAL_ADD,마법 공격력 증가,62,68
159,1405,DAMAGE_MINPHYSICAL_ADD,공격력 증가,67,72
159,1406,SPEED_ATTACK_MUL,공격속도 증가,1,1
159,1407,RATING_CRITICAL_ADD,크리티컬 성공률 증가,1,1
159,1408,RATING_BLOCKING_ADD,블록킹 성공률 증가,1,1
160,1409,DAMAGE_MINPHYSICAL_ADD,공격력 증가,72,77
160,1410,DAMAGE_MINMAGICAL_ADD,마법 공격력 증가,68,73
160,1411,DAMAGE_MINPHYSICAL_ADD,공격력 증가,72,77
160,1412,DAMAGE_MINMAGICAL_ADD,마법 공격력 증가,68,73
160,1413,DAMAGE_MINPHYSICAL_ADD,공격력 증가,72,77
160,1414,DAMAGE_MINMAGICAL_ADD,마법 공격력 증가,68,73
160,1415,DAMAGE_MINPHYSICAL_ADD,공격력 증가,72,77
160,1416,SPEED_ATTACK_MUL,공격속도 증가,1,1
160,1417,RATING_CRITICAL_ADD,크리티컬 성공률 증가,1,1
160,1418,RATING_BLOCKING_ADD,블록킹 성공률 증가,1,1
161,1419,DAMAGE_MINPHYSICAL_ADD,공격력 증가,77,82
161,1420,DAMAGE_MINMAGICAL_ADD,마법 공격력 증가,74,79
161,1421,DAMAGE_MINPHYSICAL_ADD,공격력 증가,77,82
161,1422,DAMAGE_MINMAGICAL_ADD,마법 공격력 증가,74,79
161,1423,DAMAGE_MINPHYSICAL_ADD,공격력 증가,77,82
161,1424,DAMAGE_MINMAGICAL_ADD,마법 공격력 증가,74,79
161,1425,DAMAGE_MINPHYSICAL_ADD,공격력 증가,77,82
161,1426,SPEED_ATTACK_MUL,공격속도 증가,1,1
161,1427,RATING_CRITICAL_ADD,크리티컬 성공률 증가,1,1
161,1428,RATING_BLOCKING_ADD,블록킹 성공률 증가,1,1
162,1429,DAMAGE_MINPHYSICAL_ADD,공격력 증가,1,3
162,1430,DAMAGE_MINMAGICAL_ADD,마법 공격력 증가,1,3
162,1431,DAMAGERATE_FIRE_ADD,파이어 공격력 % 증가,1,1
162,1432,DAMAGERATE_ICE_ADD,아이스 공격력 % 증가,1,1
162,1433,DAMAGERATE_LIGHTNING_ADD,라이트닝 공격력 % 증가,1,1
162,1434,DAMAGERATE_POISON_ADD,포이즌 공격력 % 증가,1,1
162,1435,DAMAGERATE_CURSE_ADD,커즈 공격력 % 증가,1,1
162,1436,DAMAGE_MINMAGICAL_ADD,마법 공격력 증가,1,3
163,1437,DAMAGE_MINPHYSICAL_ADD,공격력 증가,3,7
163,1438,DAMAGE_MINMAGICAL_ADD,마법 공격력 증가,3,6
163,1439,DAMAGERATE_FIRE_ADD,파이어 공격력 % 증가,1,1
163,1440,DAMAGERATE_ICE_ADD,아이스 공격력 % 증가,1,1
163,1441,DAMAGERATE_LIGHTNING_ADD,라이트닝 공격력 % 증가,1,1
163,1442,DAMAGERATE_POISON_ADD,포이즌 공격력 % 증가,1,1
163,1443,DAMAGERATE_CURSE_ADD,커즈 공격력 % 증가,1,1
163,1444,DAMAGE_MINMAGICAL_ADD,마법 공격력 증가,3,6
164,1445,DAMAGE_MINPHYSICAL_ADD,공격력 증가,8,11
164,1446,DAMAGE_MINMAGICAL_ADD,마법 공격력 증가,7,9
164,1447,DAMAGERATE_FIRE_ADD,파이어 공격력 % 증가,1,1
164,1448,DAMAGERATE_ICE_ADD,아이스 공격력 % 증가,1,1
164,1449,DAMAGERATE_LIGHTNING_ADD,라이트닝 공격력 % 증가,1,1
164,1450,DAMAGERATE_POISON_ADD,포이즌 공격력 % 증가,1,1
164,1451,DAMAGERATE_CURSE_ADD,커즈 공격력 % 증가,1,1
164,1452,DAMAGE_MINMAGICAL_ADD,마법 공격력 증가,7,9
165,1453,DAMAGE_MINPHYSICAL_ADD,공격력 증가,11,15
165,1454,DAMAGE_MINMAGICAL_ADD,마법 공격력 증가,10,13
165,1455,DAMAGERATE_FIRE_ADD,파이어 공격력 % 증가,1,1
165,1456,DAMAGERATE_ICE_ADD,아이스 공격력 % 증가,1,1
165,1457,DAMAGERATE_LIGHTNING_ADD,라이트닝 공격력 % 증가,1,1
165,1458,DAMAGERATE_POISON_ADD,포이즌 공격력 % 증가,1,1
165,1459,DAMAGERATE_CURSE_ADD,커즈 공격력 % 증가,1,1
165,1460,DAMAGE_MINMAGICAL_ADD,마법 공격력 증가,10,13
166,1461,DAMAGE_MINPHYSICAL_ADD,공격력 증가,15,18
166,1462,DAMAGE_MINMAGICAL_ADD,마법 공격력 증가,13,16
166,1463,DAMAGERATE_FIRE_ADD,파이어 공격력 % 증가,1,1
166,1464,DAMAGERATE_ICE_ADD,아이스 공격력 % 증가,1,1
166,1465,DAMAGERATE_LIGHTNING_ADD,라이트닝 공격력 % 증가,1,1
166,1466,DAMAGERATE_POISON_ADD,포이즌 공격력 % 증가,1,1
166,1467,DAMAGERATE_CURSE_ADD,커즈 공격력 % 증가,1,1
166,1468,DAMAGE_MINMAGICAL_ADD,마법 공격력 증가,13,16
167,1469,DAMAGE_MINPHYSICAL_ADD,공격력 증가,18,19
167,1470,DAMAGE_MINMAGICAL_ADD,마법 공격력 증가,16,17
167,1471,DAMAGERATE_FIRE_ADD,파이어 공격력 % 증가,1,1
167,1472,DAMAGERATE_ICE_ADD,아이스 공격력 % 증가,1,1
167,1473,DAMAGERATE_LIGHTNING_ADD,라이트닝 공격력 % 증가,1,1
167,1474,DAMAGERATE_POISON_ADD,포이즌 공격력 % 증가,1,1
167,1475,DAMAGERATE_CURSE_ADD,커즈 공격력 % 증가,1,1
167,1476,DAMAGE_MINMAGICAL_ADD,마법 공격력 증가,16,17
168,1477,DAMAGE_MINPHYSICAL_ADD,공격력 증가,19,21
168,1478,DAMAGE_MINMAGICAL_ADD,마법 공격력 증가,17,19
168,1479,DAMAGERATE_FIRE_ADD,파이어 공격력 % 증가,1,1
168,1480,DAMAGERATE_ICE_ADD,아이스 공격력 % 증가,1,1
168,1481,DAMAGERATE_LIGHTNING_ADD,라이트닝 공격력 % 증가,1,1
168,1482,DAMAGERATE_POISON_ADD,포이즌 공격력 % 증가,1,1
168,1483,DAMAGERATE_CURSE_ADD,커즈 공격력 % 증가,1,1
168,1484,DAMAGE_MINMAGICAL_ADD,마법 공격력 증가,17,19
169,1485,DAMAGE_MINPHYSICAL_ADD,공격력 증가,21,22
169,1486,DAMAGE_MINMAGICAL_ADD,마법 공격력 증가,19,21
169,1487,DAMAGERATE_FIRE_ADD,파이어 공격력 % 증가,1,1
169,1488,DAMAGERATE_ICE_ADD,아이스 공격력 % 증가,1,1
169,1489,DAMAGERATE_LIGHTNING_ADD,라이트닝 공격력 % 증가,1,1
169,1490,DAMAGERATE_POISON_ADD,포이즌 공격력 % 증가,1,1
169,1491,DAMAGERATE_CURSE_ADD,커즈 공격력 % 증가,1,1
169,1492,DAMAGE_MINMAGICAL_ADD,마법 공격력 증가,19,21
170,1493,DAMAGE_MINPHYSICAL_ADD,공격력 증가,22,24
170,1494,DAMAGE_MINMAGICAL_ADD,마법 공격력 증가,21,23
170,1495,DAMAGERATE_FIRE_ADD,파이어 공격력 % 증가,1,1
170,1496,DAMAGERATE_ICE_ADD,아이스 공격력 % 증가,1,1
170,1497,DAMAGERATE_LIGHTNING_ADD,라이트닝 공격력 % 증가,1,1
170,1498,DAMAGERATE_POISON_ADD,포이즌 공격력 % 증가,1,1
170,1499,DAMAGERATE_CURSE_ADD,커즈 공격력 % 증가,1,1
170,1500,DAMAGE_MINMAGICAL_ADD,마법 공격력 증가,21,23
171,1501,DAMAGE_MINPHYSICAL_ADD,공격력 증가,24,25
171,1502,DAMAGE_MINMAGICAL_ADD,마법 공격력 증가,23,24
171,1503,DAMAGERATE_FIRE_ADD,파이어 공격력 % 증가,1,1
171,1504,DAMAGERATE_ICE_ADD,아이스 공격력 % 증가,1,1
171,1505,DAMAGERATE_LIGHTNING_ADD,라이트닝 공격력 % 증가,1,1
171,1506,DAMAGERATE_POISON_ADD,포이즌 공격력 % 증가,1,1
171,1507,DAMAGERATE_CURSE_ADD,커즈 공격력 % 증가,1,1
171,1508,DAMAGE_MINMAGICAL_ADD,마법 공격력 증가,23,24
172,1509,RESIST_FIRE_ADD,파이어 저항력 증가.,1,1
172,1510,RESIST_ICE_ADD,아이스 저항력 증가.,1,1
172,1511,RESIST_LIGHTNING_ADD,라이트닝 저항력 증가.,1,1
172,1512,RESIST_POISON_ADD,포이즌 저항력 증가.,1,1
172,1513,RESIST_CURSE_ADD,커즈 저항력 증가.,1,1
172,1514,DEFENSE_MIN_ADD,방어력 증가,1,2
173,1515,RESIST_FIRE_ADD,파이어 저항력 증가.,1,1
173,1516,RESIST_ICE_ADD,아이스 저항력 증가.,1,1
173,1517,RESIST_LIGHTNING_ADD,라이트닝 저항력 증가.,1,1
173,1518,RESIST_POISON_ADD,포이즌 저항력 증가.,1,1
173,1519,RESIST_CURSE_ADD,커즈 저항력 증가.,1,1
173,1520,DEFENSE_MIN_ADD,방어력 증가,2,4
174,1521,RESIST_FIRE_ADD,파이어 저항력 증가.,1,1
174,1522,RESIST_ICE_ADD,아이스 저항력 증가.,1,1
174,1523,RESIST_LIGHTNING_ADD,라이트닝 저항력 증가.,1,1
174,1524,RESIST_POISON_ADD,포이즌 저항력 증가.,1,1
174,1525,RESIST_CURSE_ADD,커즈 저항력 증가.,1,1
174,1526,DEFENSE_MIN_ADD,방어력 증가,5,7
175,1527,RESIST_FIRE_ADD,파이어 저항력 증가.,1,1
175,1528,RESIST_ICE_ADD,아이스 저항력 증가.,1,1
175,1529,RESIST_LIGHTNING_ADD,라이트닝 저항력 증가.,1,1
175,1530,RESIST_POISON_ADD,포이즌 저항력 증가.,1,1
175,1531,RESIST_CURSE_ADD,커즈 저항력 증가.,1,1
175,1532,DEFENSE_MIN_ADD,방어력 증가,7,10
176,1533,RESIST_FIRE_ADD,파이어 저항력 증가.,1,1
176,1534,RESIST_ICE_ADD,아이스 저항력 증가.,1,1
176,1535,RESIST_LIGHTNING_ADD,라이트닝 저항력 증가.,1,1
176,1536,RESIST_POISON_ADD,포이즌 저항력 증가.,1,1
176,1537,RESIST_CURSE_ADD,커즈 저항력 증가.,1,1
176,1538,DEFENSE_MIN_ADD,방어력 증가,10,12
177,1539,RESIST_FIRE_ADD,파이어 저항력 증가.,1,1
177,1540,RESIST_ICE_ADD,아이스 저항력 증가.,1,1
177,1541,RESIST_LIGHTNING_ADD,라이트닝 저항력 증가.,1,1
177,1542,RESIST_POISON_ADD,포이즌 저항력 증가.,1,1
177,1543,RESIST_CURSE_ADD,커즈 저항력 증가.,1,1
177,1544,DEFENSE_MIN_ADD,방어력 증가,12,15
178,1545,RESIST_FIRE_ADD,파이어 저항력 증가.,1,1
178,1546,RESIST_ICE_ADD,아이스 저항력 증가.,1,1
178,1547,RESIST_LIGHTNING_ADD,라이트닝 저항력 증가.,1,1
178,1548,RESIST_POISON_ADD,포이즌 저항력 증가.,1,1
178,1549,RESIST_CURSE_ADD,커즈 저항력 증가.,1,1
178,1550,DEFENSE_MIN_ADD,방어력 증가,15,16
179,1551,RESIST_FIRE_ADD,파이어 저항력 증가.,1,1
179,1552,RESIST_ICE_ADD,아이스 저항력 증가.,1,1
179,1553,RESIST_LIGHTNING_ADD,라이트닝 저항력 증가.,1,1
179,1554,RESIST_POISON_ADD,포이즌 저항력 증가.,1,1
179,1555,RESIST_CURSE_ADD,커즈 저항력 증가.,1,1
179,1556,DEFENSE_MIN_ADD,방어력 증가,16,17
180,1557,RESIST_FIRE_ADD,파이어 저항력 증가.,1,1
180,1558,RESIST_ICE_ADD,아이스 저항력 증가.,1,1
180,1559,RESIST_LIGHTNING_ADD,라이트닝 저항력 증가.,1,1
180,1560,RESIST_POISON_ADD,포이즌 저항력 증가.,1,1
180,1561,RESIST_CURSE_ADD,커즈 저항력 증가.,1,1
180,1562,DEFENSE_MIN_ADD,방어력 증가,17,18
181,1563,RESIST_FIRE_ADD,파이어 저항력 증가.,1,1
181,1564,RESIST_ICE_ADD,아이스 저항력 증가.,1,1
181,1565,RESIST_LIGHTNING_ADD,라이트닝 저항력 증가.,1,1
181,1566,RESIST_POISON_ADD,포이즌 저항력 증가.,1,1
181,1567,RESIST_CURSE_ADD,커즈 저항력 증가.,1,1
181,1568,DEFENSE_MIN_ADD,방어력 증가,18,19
182,1569,DEFENSE_MIN_ADD,방어력 증가,1,3
182,1570,RESIST_ICE_ADD,아이스 저항력 증가.,1,1
182,1571,RESIST_LIGHTNING_ADD,라이트닝 저항력 증가.,1,1
182,1572,RESIST_POISON_ADD,포이즌 저항력 증가.,1,1
182,1573,RESIST_CURSE_ADD,커즈 저항력 증가.,1,1
182,1574,RESIST_POISON_ADD,포이즌 저항력 증가.,1,1
183,1575,DEFENSE_MIN_ADD,방어력 증가,3,6
183,1576,RESIST_ICE_ADD,아이스 저항력 증가.,1,1
183,1577,RESIST_LIGHTNING_ADD,라이트닝 저항력 증가.,1,1
183,1578,RESIST_POISON_ADD,포이즌 저항력 증가.,1,1
183,1579,RESIST_CURSE_ADD,커즈 저항력 증가.,1,1
183,1580,RESIST_POISON_ADD,포이즌 저항력 증가.,1,1
184,1581,DEFENSE_MIN_ADD,방어력 증가,8,12
184,1582,RESIST_ICE_ADD,아이스 저항력 증가.,1,1
184,1583,RESIST_LIGHTNING_ADD,라이트닝 저항력 증가.,1,1
184,1584,RESIST_POISON_ADD,포이즌 저항력 증가.,1,1
184,1585,RESIST_CURSE_ADD,커즈 저항력 증가.,1,1
184,1586,RESIST_POISON_ADD,포이즌 저항력 증가.,1,1
185,1587,DEFENSE_MIN_ADD,방어력 증가,12,15
185,1588,RESIST_ICE_ADD,아이스 저항력 증가.,1,1
185,1589,RESIST_LIGHTNING_ADD,라이트닝 저항력 증가.,1,1
185,1590,RESIST_POISON_ADD,포이즌 저항력 증가.,1,1
185,1591,RESIST_CURSE_ADD,커즈 저항력 증가.,1,1
185,1592,RESIST_POISON_ADD,포이즌 저항력 증가.,1,1
186,1593,DEFENSE_MIN_ADD,방어력 증가,15,18
186,1594,RESIST_ICE_ADD,아이스 저항력 증가.,1,1
186,1595,RESIST_LIGHTNING_ADD,라이트닝 저항력 증가.,1,1
186,1596,RESIST_POISON_ADD,포이즌 저항력 증가.,1,1
186,1597,RESIST_CURSE_ADD,커즈 저항력 증가.,1,1
186,1598,RESIST_POISON_ADD,포이즌 저항력 증가.,1,1
187,1599,DEFENSE_MIN_ADD,방어력 증가,19,23
187,1600,RESIST_ICE_ADD,아이스 저항력 증가.,1,1
187,1601,RESIST_LIGHTNING_ADD,라이트닝 저항력 증가.,1,1
187,1602,RESIST_POISON_ADD,포이즌 저항력 증가.,1,1
187,1603,RESIST_CURSE_ADD,커즈 저항력 증가.,1,1
187,1604,RESIST_POISON_ADD,포이즌 저항력 증가.,1,1
188,1605,DEFENSE_MIN_ADD,방어력 증가,23,25
188,1606,RESIST_ICE_ADD,아이스 저항력 증가.,1,1
188,1607,RESIST_LIGHTNING_ADD,라이트닝 저항력 증가.,1,1
188,1608,RESIST_POISON_ADD,포이즌 저항력 증가.,1,1
188,1609,RESIST_CURSE_ADD,커즈 저항력 증가.,1,1
188,1610,RESIST_POISON_ADD,포이즌 저항력 증가.,1,1
189,1611,DEFENSE_MIN_ADD,방어력 증가,25,27
189,1612,RESIST_ICE_ADD,아이스 저항력 증가.,1,1
189,1613,RESIST_LIGHTNING_ADD,라이트닝 저항력 증가.,1,1
189,1614,RESIST_POISON_ADD,포이즌 저항력 증가.,1,1
189,1615,RESIST_CURSE_ADD,커즈 저항력 증가.,1,1
189,1616,RESIST_POISON_ADD,포이즌 저항력 증가.,1,1
190,1617,DEFENSE_MIN_ADD,방어력 증가,27,28
190,1618,RESIST_ICE_ADD,아이스 저항력 증가.,1,1
190,1619,RESIST_LIGHTNING_ADD,라이트닝 저항력 증가.,1,1
190,1620,RESIST_POISON_ADD,포이즌 저항력 증가.,1,1
190,1621,RESIST_CURSE_ADD,커즈 저항력 증가.,1,1
190,1622,RESIST_POISON_ADD,포이즌 저항력 증가.,1,1
191,1623,DEFENSE_MIN_ADD,방어력 증가,28,29
191,1624,RESIST_ICE_ADD,아이스 저항력 증가.,1,1
191,1625,RESIST_LIGHTNING_ADD,라이트닝 저항력 증가.,1,1
191,1626,RESIST_POISON_ADD,포이즌 저항력 증가.,1,1
191,1627,RESIST_CURSE_ADD,커즈 저항력 증가.,1,1
191,1628,RESIST_POISON_ADD,포이즌 저항력 증가.,1,1
132,1629,DAMAGEADD_ICE_ADD,아이스 공격력 + 증가,3,14
132,1630,DAMAGEADD_POISON_ADD,포이즌 공격력 + 증가,3,14
133,1631,DAMAGEADD_ICE_ADD,아이스 공격력 + 증가,15,31
133,1632,DAMAGEADD_POISON_ADD,포이즌 공격력 + 증가,15,31
134,1633,DAMAGEADD_ICE_ADD,아이스 공격력 + 증가,22,31
134,1634,DAMAGEADD_POISON_ADD,포이즌 공격력 + 증가,22,31
135,1635,DAMAGEADD_ICE_ADD,아이스 공격력 + 증가,45,61
135,1636,DAMAGEADD_POISON_ADD,포이즌 공격력 + 증가,45,61
136,1637,DAMAGEADD_ICE_ADD,아이스 공격력 + 증가,61,71
136,1638,DAMAGEADD_POISON_ADD,포이즌 공격력 + 증가,61,71
137,1639,DAMAGEADD_ICE_ADD,아이스 공격력 + 증가,72,79
137,1640,DAMAGEADD_POISON_ADD,포이즌 공격력 + 증가,72,79
138,1641,DAMAGEADD_ICE_ADD,아이스 공격력 + 증가,80,87
138,1642,DAMAGEADD_POISON_ADD,포이즌 공격력 + 증가,80,87
139,1643,DAMAGEADD_ICE_ADD,아이스 공격력 + 증가,88,95
139,1644,DAMAGEADD_POISON_ADD,포이즌 공격력 + 증가,88,95
140,1645,DAMAGEADD_ICE_ADD,아이스 공격력 + 증가,98,103
140,1646,DAMAGEADD_POISON_ADD,포이즌 공격력 + 증가,98,103
141,1647,DAMAGEADD_ICE_ADD,아이스 공격력 + 증가,103,111
141,1648,DAMAGEADD_POISON_ADD,포이즌 공격력 + 증가,103,111
142,1649,DAMAGEADD_ICE_ADD,아이스 공격력 + 증가,3,14
142,1650,DAMAGEADD_POISON_ADD,포이즌 공격력 + 증가,3,14
143,1651,DAMAGEADD_ICE_ADD,아이스 공격력 + 증가,15,31
143,1652,DAMAGEADD_POISON_ADD,포이즌 공격력 + 증가,15,31
144,1653,DAMAGEADD_ICE_ADD,아이스 공격력 + 증가,22,31
144,1654,DAMAGEADD_POISON_ADD,포이즌 공격력 + 증가,22,31
145,1655,DAMAGEADD_ICE_ADD,아이스 공격력 + 증가,45,61
145,1656,DAMAGEADD_POISON_ADD,포이즌 공격력 + 증가,45,61
146,1657,DAMAGEADD_ICE_ADD,아이스 공격력 + 증가,61,71
146,1658,DAMAGEADD_POISON_ADD,포이즌 공격력 + 증가,61,71
147,1659,DAMAGEADD_ICE_ADD,아이스 공격력 + 증가,72,79
147,1660,DAMAGEADD_POISON_ADD,포이즌 공격력 + 증가,72,79
148,1661,DAMAGEADD_ICE_ADD,아이스 공격력 + 증가,80,87
148,1662,DAMAGEADD_POISON_ADD,포이즌 공격력 + 증가,80,87
149,1663,DAMAGEADD_ICE_ADD,아이스 공격력 + 증가,88,95
149,1664,DAMAGEADD_POISON_ADD,포이즌 공격력 + 증가,88,95
150,1665,DAMAGEADD_ICE_ADD,아이스 공격력 + 증가,98,103
150,1666,DAMAGEADD_POISON_ADD,포이즌 공격력 + 증가,98,103
151,1667,DAMAGEADD_ICE_ADD,아이스 공격력 + 증가,103,111
151,1668,DAMAGEADD_POISON_ADD,포이즌 공격력 + 증가,103,111
152,1669,DAMAGEADD_POISON_ADD,포이즌 공격력 + 증가,3,14
153,1670,DAMAGEADD_POISON_ADD,포이즌 공격력 + 증가,15,31
154,1671,DAMAGEADD_POISON_ADD,포이즌 공격력 + 증가,31,44
155,1672,DAMAGEADD_POISON_ADD,포이즌 공격력 + 증가,45,61
156,1673,DAMAGEADD_POISON_ADD,포이즌 공격력 + 증가,61,71
157,1674,DAMAGEADD_POISON_ADD,포이즌 공격력 + 증가,72,79
158,1675,DAMAGEADD_POISON_ADD,포이즌 공격력 + 증가,80,87
159,1676,DAMAGEADD_POISON_ADD,포이즌 공격력 + 증가,88,95
160,1677,DAMAGEADD_POISON_ADD,포이즌 공격력 + 증가,98,103
161,1678,DAMAGEADD_POISON_ADD,포이즌 공격력 + 증가,103,111
192,1679,DAMAGE_MINPHYSICAL_ADD,공격력 증가,2,11
192,1680,DAMAGE_MINMAGICAL_ADD,마법 공격력 증가,2,10
192,1681,DAMAGEADD_CURSE_ADD,커즈 공격력 + 증가,3,14
192,1682,RATING_CRITICAL_ADD,크리티컬 성공률 증가,1,1
192,1683,SPEED_ATTACK_MUL,공격속도 증가,1,1
193,1684,DAMAGE_MINPHYSICAL_ADD,공격력 증가,11,25
193,1685,DAMAGE_MINMAGICAL_ADD,마법 공격력 증가,10,22
193,1686,DAMAGEADD_CURSE_ADD,커즈 공격력 + 증가,15,31
193,1687,RATING_CRITICAL_ADD,크리티컬 성공률 증가,1,1
193,1688,SPEED_ATTACK_MUL,공격속도 증가,1,1
194,1689,DAMAGE_MINPHYSICAL_ADD,공격력 증가,25,35
194,1690,DAMAGE_MINMAGICAL_ADD,마법 공격력 증가,22,31
194,1691,DAMAGEADD_CURSE_ADD,커즈 공격력 + 증가,31,44
194,1692,RATING_CRITICAL_ADD,크리티컬 성공률 증가,1,1
194,1693,SPEED_ATTACK_MUL,공격속도 증가,1,1
195,1694,DAMAGE_MINPHYSICAL_ADD,공격력 증가,36,49
195,1695,DAMAGE_MINMAGICAL_ADD,마법 공격력 증가,32,43
195,1696,DAMAGEADD_CURSE_ADD,커즈 공격력 + 증가,45,61
195,1697,RATING_CRITICAL_ADD,크리티컬 성공률 증가,1,1
195,1698,SPEED_ATTACK_MUL,공격속도 증가,1,1
196,1699,DAMAGE_MINPHYSICAL_ADD,공격력 증가,49,57
196,1700,DAMAGE_MINMAGICAL_ADD,마법 공격력 증가,44,51
196,1701,DAMAGEADD_CURSE_ADD,커즈 공격력 + 증가,61,71
196,1702,RATING_CRITICAL_ADD,크리티컬 성공률 증가,1,1
196,1703,SPEED_ATTACK_MUL,공격속도 증가,1,1
197,1704,DAMAGE_MINPHYSICAL_ADD,공격력 증가,57,62
197,1705,DAMAGE_MINMAGICAL_ADD,마법 공격력 증가,51,56
197,1706,DAMAGEADD_CURSE_ADD,커즈 공격력 + 증가,72,79
197,1707,RATING_CRITICAL_ADD,크리티컬 성공률 증가,1,1
197,1708,SPEED_ATTACK_MUL,공격속도 증가,1,1
198,1709,DAMAGE_MINPHYSICAL_ADD,공격력 증가,62,67
198,1710,DAMAGE_MINMAGICAL_ADD,마법 공격력 증가,57,62
198,1711,DAMAGEADD_CURSE_ADD,커즈 공격력 + 증가,80,87
198,1712,RATING_CRITICAL_ADD,크리티컬 성공률 증가,1,1
198,1713,SPEED_ATTACK_MUL,공격속도 증가,1,1
199,1714,DAMAGE_MINPHYSICAL_ADD,공격력 증가,67,72
199,1715,DAMAGE_MINMAGICAL_ADD,마법 공격력 증가,62,68
199,1716,DAMAGEADD_CURSE_ADD,커즈 공격력 + 증가,88,95
199,1717,RATING_CRITICAL_ADD,크리티컬 성공률 증가,1,1
199,1718,SPEED_ATTACK_MUL,공격속도 증가,1,1
200,1719,DAMAGE_MINPHYSICAL_ADD,공격력 증가,72,77
200,1720,DAMAGE_MINMAGICAL_ADD,마법 공격력 증가,68,73
200,1721,DAMAGEADD_CURSE_ADD,커즈 공격력 + 증가,98,103
200,1722,RATING_CRITICAL_ADD,크리티컬 성공률 증가,1,1
200,1723,SPEED_ATTACK_MUL,공격속도 증가,1,1
201,1724,DAMAGE_MINPHYSICAL_ADD,공격력 증가,77,82
201,1725,DAMAGE_MINMAGICAL_ADD,마법 공격력 증가,74,79
201,1726,DAMAGEADD_CURSE_ADD,커즈 공격력 + 증가,103,111
201,1727,RATING_CRITICAL_ADD,크리티컬 성공률 증가,1,1
201,1728,SPEED_ATTACK_MUL,공격속도 증가,1,1
